timestamp_utc,BTC,ETH,XRP,BNB,SOL,TRX,DOGE,ADA,LINK,LTC,AVAX,DOT
2024-05-22 00:00:00,-0.000403940024748195,-0.00200750239113923,-0.00710150620431116,0.00419490773271392,-0.00230408374151558,0.000242669364184156,0.00193656349950211,-0.00567722530522352,0.000537522036414106,-0.00454236529376839,-0.00437850371124604,0.00314878244944339
2024-05-22 01:00:00,0.00056415906333207,0.00186235780708621,0.00672899735291854,-0.00419490773271392,0.00415474181394782,0.00137401516868429,0.00555410822965552,0.0036533428090858,0.00767290009745025,0.0015921759305737,0.0048638228180784,0.00157068095118307
2024-05-22 02:00:00,-0.0022341206041343,0.00108148041455358,-0.00130487482398001,0.00209965352110508,-0.00466122765724108,-0.0010505475934881,-0.000874916209679277,-0.00202798690474049,-0.00249169564130947,-0.00261705787418087,-0.0058394326515594,-0.00432532295014543
2024-05-22 03:00:00,-0.00067577066181812,7.38145515182254e-05,0.000559440574031345,0.00354324738553125,0.00168728948916552,-0.000161720708689028,-0.0035658997829966,-0.00142204188514339,0.00290637530721449,-0.00468224460743105,-0.00538293445622973,-0.000262743038821345
2024-05-22 04:00:00,-0.0050981904790568,-0.0116481252501171,-0.00729725382394331,-0.00661346067224589,-0.00371580204591204,-0.00315879256699469,-0.0191563147675344,-0.0108330134518719,-0.0160003413464409,-0.00781433532843678,-0.000981836112256662,-0.0104339584903483
2024-05-22 05:00:00,0.00427447332896946,0.00236817645298082,0.00187617315822786,0.00484340630391333,0.0234688437946158,-8.11260293311911e-05,0.00327781216624823,0.00614630084869405,0.00342455800451047,0.00437435945599329,0.0175272257089603,0.0055607186846971
2024-05-22 06:00:00,-0.000630258435400322,0.00191653689250693,0.000562166228615824,-0.000644433726185056,0.000771052524845217,0.00226904473365597,0.00504467077726778,0.00570266311218215,0.00550273533987022,0.0048126596844158,-0.00169061747790744,0.00657983687229802
2024-05-22 07:00:00,-0.00199299223059413,-0.00500773769968355,0.00149756673439472,0.00144939231428509,-0.00968115325515573,-0.000809782212847665,-0.00492567982044001,-0.00468194239479669,-0.00400442814638335,-0.00400893956537196,-0.00874004106935233,0.00248902990884581
2024-05-22 08:00:00,0.00422644292659946,0.00549359798060678,0.000374041522969715,0.00369448657313054,0.00366219474887242,0.000728833493817138,0.00746802901847787,-0.00265604405811615,0.00513709988213273,0.000114764446101034,0.00535020731484082,-0.00445843906636112
2024-05-22 09:00:00,-0.000326148194886855,-0.00950506008030416,0.00112128585846383,-0.00176522552456948,0.000442992420999211,-0.010334116948143,-0.0131357946904904,-0.00718615144621504,-0.000119168206063946,-0.00563900452768085,-0.00632605516002904,-0.00725453290412092
2024-05-22 10:00:00,0.00289005336363246,0.0022029477003116,0.000373482730765318,0.00192554616619489,0.0018252722233445,-0.00188300845683109,0.00739154533622766,0.0039074599845168,0.0057633622589135,0.00161439149453813,-0.00122115047535365,0.00896157816140342
2024-05-22 11:00:00,-0.00648730286133947,-0.0133019125454847,-0.00524149459083789,-0.00966502368922129,-0.0161554402222857,-0.00492895107802083,-0.0187638511777222,-0.010730602345087,-0.0186574807503908,-0.00798199622246898,-0.0150193639543517,-0.00697784412463776
2024-05-22 12:00:00,-0.0013237194267699,-0.00642606552980851,-0.00980769838302009,-0.00926911262745733,-0.00608384030632081,-0.00288648091220978,-0.0180746204040052,-0.0142083460021651,-0.0209827765281383,-0.00407332538763505,-0.0251206376953053,-0.0179968864519702
2024-05-22 13:00:00,-0.00081892833567565,0.007831353052973,0.00491587301176577,0.00521428588942019,0.0159752283379016,0.0032158345586617,0.012126557225318,0.0102586474884596,0.00663515366634426,0.00442169675503301,0.0153985120094942,0.0137601529862725
2024-05-22 14:00:00,0.00755557400129092,0.0131017744423527,0.00564229444962838,0.0063183685290733,0.0112801859618212,-0.00123563589179909,0.00993405710215556,0.00208073316851332,0.00342319546948078,0.00959046001187147,0.00200200267067307,0.00634838793916259
2024-05-22 15:00:00,0.00485550805677804,0.00483004566202183,0.00467771458236099,0.00290275965796116,-0.00264273676904914,-0.000659630630778008,0.0225277703294706,0.00559644947051885,0.0101998334351228,0.00447479376711168,0.0097027754613852,0.00289626321466851
2024-05-22 16:00:00,-0.00321312067865342,-7.9734007394805e-05,-0.00074696548757891,-0.00322580924888261,-0.00187617315822752,-0.00214680951083412,-0.0112600454831284,-0.000206718346989376,0.00277476351272909,-0.00712319188370092,-0.0049640211142119,-0.00527218830277931
2024-05-22 17:00:00,-0.00523023690137059,-0.00595813486072672,-0.00712413961733305,-0.00925106005265786,-0.00731751144770687,-0.0019029501460861,-0.00994258310321894,-0.00435098583432636,-0.00640562983139414,-0.00381216888635461,-0.00623988047344026,-0.00330928887621962
2024-05-22 18:00:00,-0.00414406639268172,-0.00176090306479004,-0.00566039247171035,0.000651996763113338,-0.00367893391527563,-0.00298581958574706,-0.00597701540910478,-0.00395298548659295,-0.00956362176086722,-0.00301379618404596,-0.00502009086399857,-0.00651814745399149
2024-05-22 19:00:00,0.000903226340563279,0.000851401114879025,0.000567483227184362,-0.00195726697617005,-0.00397281108939218,-8.30668273104074e-05,0.000726392283755706,0.00436818167275277,0.000550711349393662,-0.00151031106257626,0.00627118573505614,-0.00629227593164838
2024-05-22 20:00:00,-0.00281076875876529,0.00337170229546402,-0.0049289199312843,0.00146830926126906,-0.00466437104056894,0.000166126755095863,0.00615312311139848,-0.00311818150999232,-0.00122421512504367,-0.00291087124089628,-0.00426012422267652,-0.00134390559132758
2024-05-22 21:00:00,0.000802649939327438,0.00671743803233049,0.00246749674402924,0.00309270206629364,0.0150387180881841,0.000415196186160038,0.00939760904160725,0.00684721006985889,0.00963069737966693,0.0022130345063669,0.0124783251270628,0.00576602335033272
2024-05-22 22:00:00,-0.00514271824122048,-0.00785965785233245,-0.000948316808859206,-0.000487685939926763,-0.0152077178914203,-0.00274348594575091,-0.00849592282740885,0.000206761088299978,-0.00706157436147681,-0.00151365226547995,-0.0067189502487448,-0.0033482921524639
2024-05-22 23:00:00,0.000366428819807751,-0.00192979046027908,-0.000379578672236258,-0.000325256142076569,-0.0031034021239984,-0.000416337072503215,-0.000901686214198394,-0.000413564935588529,-0.000916786422432203,-0.000466200474644296,-0.0012492194004321,0.00174251099649814
2024-05-23 00:00:00,0.0048056424504388,0.0062170396160024,0.00265402999390574,0.00292350378760897,0.000903801677068827,-0.00300275477934786,0.00246268557055984,0.00124018205229959,0.00646067950913842,0.00685451420345995,0.00374298627883452,0.00866729874134142
2024-05-23 01:00:00,-0.000239597701497729,-0.000412204996708354,-0.00132613451281027,-0.00211056170560564,0.00293172674325337,-0.000919309746747032,5.99898017517031e-05,-0.000826617116711059,-0.00316417447884421,0.00150402064563959,-0.000747477299035904,-0.000929800159966465
2024-05-23 02:00:00,0.000326644510506569,0.00269354350325912,0.000947418356039953,0.000974658946553575,0.00701245475493995,-0.00200870506108108,0.00287528651426183,0,-0.00476511378770583,0,0.000747477299035904,0.00185873659462521
2024-05-23 03:00:00,-0.00085957746095211,0.00330520154595604,0.00302572091653686,-0.00178760102855691,-0.000503257203005703,0.00150690694065769,0.00107610460554808,0.00638848128443459,0.00665265354499978,0.00300127202083989,-0.00124610608024733,0.00595121772315599
2024-05-23 04:00:00,0.00149457404877751,0.00218949946894398,-0.00170084138139392,0.00178760102855691,-0.00662179748449265,-0.00175827901454362,-0.00191387618228434,0,-0.000304201018377359,-0.00381084819412703,-0.00500001041670561,0.000790826454817761
2024-05-23 05:00:00,-0.00102309672598544,-0.00592188986672681,-0.00265151670498032,-0.00162495973357402,-0.00129581133092938,-0.00243319329678293,-0.00450005259445097,-0.00556186416772353,-0.000669568153572442,-0.00266466009489896,-0.00477327875265754,-0.0070073665462056
2024-05-23 06:00:00,0.00118685036812671,0.00586648520823729,-0.00227833779966258,-0.000325309046459665,0.00253371380726275,-0.00109266663529395,0.000601178327592988,0.000206547558309511,0.0105391647831579,0.00150698457778375,0.00577528284450901,0.00331148060740816
2024-05-23 07:00:00,0.00247876152148763,0.00626235741433412,0.00549712312153794,0.000325309046459665,-0.00219551415351216,0.000840618744860855,0.0035994999569251,0.00206313256593693,0.0043887406241212,0.0018516380709892,0.00125109487105757,0.00330055088719661
2024-05-23 08:00:00,-0.000660584294671196,-0.000571741808588655,0.00132237669218138,-0.000813471125961307,0.00180180228926297,-0.00294526236385151,-0.000479185394014925,-0.00268290327062226,-0.00198156608509681,-0.00115687194762781,-0.00501379841988969,-0.00502115219845001
2024-05-23 09:00:00,-0.00061622136827566,-0.000845097827060215,-0.00719972795518231,-0.00407731136496814,-0.00830395959366825,-0.00439189895140801,-0.00480452548734056,-0.00601100369351171,-0.00120286295852923,-0.00440835980740495,0.00875771892935484,-0.00637875916998842
2024-05-23 10:00:00,-0.0015497666705091,0.00513827566108738,-0.00133193816665744,-0.00622952834243051,-0.0150885871075692,-0.00160955602540502,-0.00519074077118975,-0.0054200674693391,-0.00494692128532082,-0.00396086258743544,-0.0122823952873352,-0.0109920677801103
2024-05-23 11:00:00,0.00638634945119421,0.0232987762672643,0.00720928942965837,0.00851487050587441,0.0115654558352087,-0.000593647984190149,0.0227942027689858,0.0139078526147488,0.00986949095653955,0.0194203306041132,0.0137760475441189,0.0119248415168736
2024-05-23 12:00:00,-0.00795047629507728,-0.013618027695891,-0.00911514096899346,-0.012799649638791,-0.016761772377512,-0.00680969604580861,-0.0286813924124236,-0.0153721348552546,-0.0145371562067744,-0.0107039060762784,-0.0180727810596948,-0.0165182027409194
2024-05-23 13:00:00,-0.0202588435533144,-0.0219308468983162,0.00228658636213341,-0.0191752436305022,-0.00831230990060927,-0.00840557311983936,-0.033234284863813,-0.0215835716671745,-0.0294737408453924,-0.00394203409031313,-0.0321736668569597,-0.0178978751226326
2024-05-23 14:00:00,-0.00423479643072788,-0.00467027990525892,0.0136107961283923,-0.0030349036951538,-0.00509115416325834,-0.00345125450421513,-0.00662943994428855,-0.00321371460309583,-0.00621451420961927,-0.00933713599594022,-0.00656084232418142,-0.00858374369139137
2024-05-23 15:00:00,0.00482048997928786,0.0129236027836299,-0.00640424113903115,0.00370807773605808,0.0131139865687206,0.000172845908303465,0.0105861102027269,0.00428266179200087,0.0148752742862848,0.00292723117515603,0.0102161988747214,0.00194471515658234
2024-05-23 16:00:00,-0.00372660141688463,-0.00434465034599896,-0.00853976154813441,0,0.00369899855356603,-0.00276912603393509,0.00156577866831364,-0.00772204609391036,-0.00211153972380451,-0.0103420830135459,-0.00732412376834857,-0.00906118975892856
2024-05-23 17:00:00,-0.00270969086018091,-0.00318966071964866,0.00266463804409534,-0.00151527935382667,-0.00717928048870497,-0.00121390806547872,-0.00470471024303309,-0.00583092031079313,0.00378518028183406,-0.00390602378609195,-0.00605663470933582,-0.00280465756698511
2024-05-23 18:00:00,-0.00364639059765537,-0.00205001850680908,-0.0114702079577348,-0.00219279838223141,-0.00104645088323885,-0.00504480499335136,-0.00466377602129753,-0.00281965266521578,-0.000743494458041116,-0.00273143094824579,-0.00343961180495755,-0.000140439576103324
2024-05-23 19:00:00,-0.00286909534769641,0.00390068042865721,0.000960891781438211,-0.00304414238122863,-0.00583364155843036,-0.00139616078525462,-0.00341707603264107,-0.000651819686304567,-0.0115954169956738,-0.00524622641197325,-0.00531492082928953,0.00140350900232011
2024-05-23 20:00:00,0.00893186949663338,-0.00936229486200624,-0.00635901555099561,0.00708863727773501,0.00757711849219511,0.000523788750517173,-0.00177642477878837,-0.00326548673761884,0.00861589896276849,-0.00155530329850428,0.000266418011432901,0.00266125235851011
2024-05-23 21:00:00,0.00279655658730249,0.0230001677669005,0.0229324018544725,0.00870735575091075,0.0384454647612973,0.00331097279033798,0.0274950778703322,0.0194348591741093,0.0287388425173325,0.0193282829743682,0.0319817558642028,0.0125105885262897
2024-05-23 22:00:00,-0.00451506833836213,-0.00846576962446655,-0.00492425237459837,-0.00300551236427715,-0.0154282339530392,-8.69905615790145e-05,-0.0139975534980064,-0.00772867737165805,0.00337695550973027,0.000587026726573292,-0.0114168339199057,-0.00429155500496758
2024-05-23 23:00:00,0.00417497435911507,-0.00721304155281999,0.00416825158259082,0.00217155351350851,-0.000397287101908006,0.00321362156101079,0.000688899354002626,0.00344234419097278,-0.000903424038318335,0.00292997572632991,0.00520563382726502,-0.00111049428402721
2024-05-24 00:00:00,-0.00173241938122537,0.0077927737642618,0.000189053786365134,0.00200033405589828,-0.010327899852709,0.00129988319356311,-0.00294680297256655,0.005782219772268,0.0182110893054692,0.0092026975990871,0.00336918810350628,0.0129710663644789
2024-05-24 01:00:00,-0.00162234340771228,-0.000789672903966476,0.00903280511212434,0.00315903496564562,-0.00783098376277458,0.00112520027451257,-0.000753768879909966,-0.00128205145765559,0.00206874205647312,0.000463714360268597,0.00129282500230499,-0.00384615858747828
2024-05-24 02:00:00,0.00348304711425662,0.00309216461888262,-0.00431803918842122,0.00116134397125744,-0.000578235242201686,-0.007903119861846,0.00470176084794005,0,0.0197030548785833,-0.00104365986164812,0.00412584391355786,-0.000550660806866166
2024-05-24 03:00:00,-0.00127386302077426,-0.00476802086648576,-0.00169475607836345,-0.00282274990251263,-0.0051029394583848,0.00139409275867619,-0.00169008834946616,-0.000641642627082994,0.0125418742137788,-0.00441861184027825,0.00128584304716828,-0.000413194689440344
2024-05-24 04:00:00,-0.00270796505836479,0.000105151918331714,-0.000377002831986384,-0.000332612675609134,-0.0171806389597107,0,-0.00685214059272643,-0.000642054596695085,-0.00705703034893546,0.000931857959104221,-0.00592861641136855,-0.001930502530058
2024-05-24 05:00:00,-0.00604765019861908,-0.0201130150317361,-0.0106142012417734,-0.0110387473148217,-0.0101650451730419,-0.00235366015467564,0.0506118031574598,-0.0122780217684092,-0.0111745944675774,-0.0083007432830664,-0.0135348240050082,-0.0174038503487612
2024-05-24 06:00:00,-0.00615531018518034,-0.0150708754396014,-0.0113060512561855,-0.00844456968887108,-0.00605281565083615,-0.00560127492818197,-0.0626054742303959,-0.0117725362252671,-0.0183922686079296,-0.00955477631753165,-0.0174469136037203,-0.00931289361002419
2024-05-24 07:00:00,0.00401245094736957,0.00177912271456826,0.00787027769122894,0.00591867796955459,-0.00120293530685345,-0.00210859329575941,0.0116151221725165,0.0119892444285208,0.00165916131922517,0.0103762279860904,0.00425759025264094,0.00804804908752055
2024-05-24 08:00:00,0.000509430580185821,-0.0014252223202238,0.00171936234925119,0.0011795434849784,-0.00476579190575244,0.00114270658063509,0.00145032657764665,-0.00303819678148398,0.0165001835119569,0.00257732101430008,-0.00559181326577773,0.00392982961894273
2024-05-24 09:00:00,0.00275122881522272,0.00293526329135041,-0.000381825128731972,0.00252291782968506,0.00271747502596753,0.000702555574695563,-0.00195528145803459,0.00282148857823028,0.0275705246664764,-0.00140498793747668,0.00240032119513423,0.00209893031650243
2024-05-24 10:00:00,-0.000324058672150684,0.00401656456556232,0.00552224577676685,0,-0.00187124673562344,0.0022799027764151,0.0142299846713376,0.000649983773290064,-0.00437190192449055,0.0079356233928074,0.000532623181699776,0.00055897150700801
2024-05-24 11:00:00,-5.10751694466904e-05,0.00350501218890997,0.00246562476736167,0.00201376137862575,0.00500227048809254,0.00218732315214654,0.0164823633193814,0.00453809530848792,-0.000683060135847846,-0.00524446164458592,0.00848361397781527,0.00820874174630215
2024-05-24 12:00:00,0.00207668437705344,0.000557402357946657,0.0069844550095195,0.00100536201497636,0.00228187212446063,-8.7401127530029e-05,0.00030608184867531,-0.00345572698115082,0.00579119315688104,-0.00445017715340068,-0.00105652413420021,0.00649128720885606
2024-05-24 13:00:00,-0.00613643653236551,-0.00825810935415383,0.00225479238708937,-0.00268321475759237,-0.00668013196360207,0.000349558685723394,-0.00122488991306913,-0.00934687817723068,-0.0234846694402977,-0.00896021085515031,-0.00662868660759086,-0.00441501820911672
2024-05-24 14:00:00,0.011743446757162,0.00668743192931842,0.00262418144968102,0.00318551698665459,0.0113477246637208,0.00314054170714462,0.0151439719497921,0.00479303749837323,0.00479894534936376,0.00319243546333947,0.0158356436613381,0.0131870042819537
2024-05-24 15:00:00,0.00671065106528523,-0.00410400804056898,-0.00281188675290711,-0.000502302229062224,-0.00125451792193143,-0.00217988489338516,0.00535774691621271,-0.00239364710087775,-0.00770103108226072,-0.0010630131515379,-0.000261882939823099,-0.00932279853512452
2024-05-24 16:00:00,0.000992826410307401,-0.00773763962237695,-0.00432697505130064,-0.00067012902491026,-0.00967061625586041,0.000785306091578342,-0.0121411294773099,-0.00611890021025752,-0.0111641572214891,-0.00438207605945085,-0.0107966815732361,-0.0101059903503991
2024-05-24 17:00:00,0.00764226571813431,0.012515482156962,0.0026360399372668,0.0058484584782299,0.0174708284804259,0.00156876448418419,0.00448703153991303,0.00851254731113527,0.0208819569725747,0.00556313206068015,0.0113203788881639,0.0101059903503991
2024-05-24 18:00:00,0.000745669844677721,0.00577363070011749,0.000939761369792125,0.00232983962936384,0.000652219050128799,0.00182712018463871,-0.00533819890647624,0.000651819686304567,-0.0107646157815444,0.00117966275329362,-0.00104766903244391,-0.00124043844724908
2024-05-24 19:00:00,0.00210810106371895,0.00308937354945194,0.00150178365000364,0.000498545918095061,-0.00225492618689316,0.00147665607722569,0.00678913924928848,0.00108542287873503,0.00695816329351606,0.00482212048776187,0.00600916243262084,0.00192890663279055
2024-05-24 20:00:00,-0.0040451530858725,-0.00328763315229708,-0.00187758222639167,-0.000831047999296786,-0.00112937272383995,0.000607401641304239,-0.00739755980833445,-0.00522080802994296,-0.00567887021911861,0.000586475883327608,-0.00705793022670509,-0.00552106302375033
2024-05-24 21:00:00,0.000566976427576193,0.00113276528658979,0.00262762913948433,-0.000166292508906096,-0.00375391473155506,0.000173475583746807,-0.00677844493373314,0.000218078727284521,0.0104059211611172,-0.00152555330883697,-0.00367937340186142,0.00497032639961392
2024-05-24 22:00:00,-0.00127862067619056,0.000278308528205429,0.00374181914599547,0.00132956642487958,-0.00155335196725748,0.000953578157300239,0.00385286230216542,0.00108968083137229,-0.00727275932908,-0.00400094673508811,-0.000263331140428757,-0.00372542686820365
2024-05-24 23:00:00,-0.00346590561835747,-0.00243782987888075,0.000933271182998574,-0.00299401421260459,0.00268696982082517,0.000519750531450924,0.000183099881496673,0.00217580590624655,-0.000695410320096901,0.00223779611670771,0.00105290875744624,0.00138140649126073
2024-05-25 00:00:00,-0.000278667603001992,-0.00444892608954994,-0.00261535736598351,-0.000833263942888962,-0.00940605443077569,0.000432919180751501,-0.00489417347890386,-0.00195801215606628,-0.010548190695173,-0.000470698996688057,-0.00527566509831567,-0.00165791693129136
2024-05-25 01:00:00,0.00120413287133836,0.00145109968455515,0.00149532738143354,0.0018322650249738,0.0102405302495994,0.00129763416279438,-0.000368030428002486,0.00412909420730323,0.000995461947230769,0.00305559057813731,0.00606461977434813,0.00661523911871909
2024-05-25 02:00:00,0.00296527892175291,0.00426034622417504,-0.00205665212252637,-0.000166430889957603,0.0078929818392135,0.0019001560389893,0.00416310139655396,-0.000650829830978417,0.00368044814458335,-0.000821740963068862,0.00393546356023489,-0.000274763018626612
2024-05-25 03:00:00,-0.000863092472865645,0.00328151934226817,0.000561324741092828,0.00116443496480922,0.00289230789238815,-0.0114554754407652,0.00256269589272895,0.0026007817000574,-0.000933434523174625,0.00281459081081792,0.0015698590351203,0.00397669361911279
2024-05-25 04:00:00,0.000385627050786041,0.00634785885892697,0.00466549320659515,0.00331950512285228,0.00141359429829801,0.0015698590351203,0.00206976393363245,0.00410412067595911,0.00610982087437195,0.00560552676487802,0.00599506552496054,0.00136761509281214
2024-05-25 05:00:00,-0.000962309290567731,-0.00440329043236964,-0.00205013584061164,-0.00199038048791067,-0.00218012636802456,0.000609835798836222,0.00388444285470335,-0.000215586936266776,-0.00342854158089878,-0.00244855249716824,-0.00234161678479916,-0.00218908282794428
2024-05-25 06:00:00,-0.000841615785926564,-0.00115721619791209,-0.00298953884836606,-0.002160725514468,-0.00668780050163598,0.000957562641176413,-0.00388444285470335,-0.00432152790103624,-0.00577951928388476,-0.00444601176969073,-0.00522330777528168,-0.00178216511629148
2024-05-25 07:00:00,0.00136113928211756,-0.000429630644342538,0.000935191314768491,0.00116404769109835,0.00349743976650618,0.000782778904940606,0.00654627140760988,0.001514660032085,0.00117027514819057,0.0022254767603922,0.00470220302143654,0.00123414482582596
2024-05-25 08:00:00,0.00178405127410386,-0.00100942404644577,-0.000748083072104611,0.00132868313850398,-0.00189539830480889,-0.008206069619622,0.00343777667361978,-0.00259796638870513,-0.00181451072641847,-0.0022254767603922,-0.00365535655053995,-0.00315695821868589
2024-05-25 09:00:00,0.00316847253404617,0.00431362658366474,0.00485256644631382,0.00463653753283122,0.00561649766363104,-0.000701508271490514,0.0123860970177336,0.00583596166248046,0.0054919511723055,0.00374532273016204,0.0062581690558825,0.00452644624428356
2024-05-25 10:00:00,0.00422752087084,0.00214454638154571,0.00612530917463006,0.000495499225597662,0.00294342945187864,0.00131492458130911,0.00610643664206401,-0.000646760828840187,-0.00163274862792928,-0.000350528717732779,0.00103923106261394,0.00314272308947938
2024-05-25 11:00:00,-0.00409148607929843,-0.00737501444393729,-0.00519481687710399,-0.00231443317066749,-0.00891571459554363,-0.00175361728411127,-0.0137473525182428,-0.00475573745450819,-0.00286374059714545,-0.00503779402995708,-0.00416342001355252,-0.00355337260589272
2024-05-25 12:00:00,0.000168281267704629,-0.00051358459091233,-0.00316721270813514,-0.00298359246688751,-0.00380296376097799,-0.00298822510988028,-0.00366201820017409,-0.00195206655632207,-0.00451679899747193,-0.00482723018963327,-0.00706531789010079,-0.00137005090617892
2024-05-25 13:00:00,-0.00130763750055252,-0.000883340261195187,-0.00242877279598608,-0.00216036644056761,-0.0056119550270548,-0.00229115362827503,-0.00621401052372428,-0.00566080327239982,-0.00117653993217726,-0.0016536738944497,-0.00790934784980069,-0.00288323121408496
2024-05-25 14:00:00,-6.27319715871266e-05,0.00368345217141019,0.00689722186209307,0.0016622344252859,0.00745582172046344,0.000529193873701317,0.00108873173519664,0.00413989043169305,0.00978189085485637,0.00247948648193397,0.00843442005929163,0.00480077734335671
2024-05-25 15:00:00,-0.00132292362901865,-0.00111055654028469,0.00259740405768538,-0.000332225916676698,-0.00267769640223214,-0.000440975444814473,0.00890713640402896,-0.000434971733695777,0.00145615542519595,0.000589448882378107,-0.00105042026465174,0.00314229372568931
2024-05-25 16:00:00,9.02318771256461e-05,0.00124662167033662,-0.00315486946281252,0.000664341495950183,-0.00400012474037314,-0.000441169989949586,0.0103121350143038,0,0.00244157777377962,-0.00117924541967529,-0.00526871608682677,0.00245231730528461
2024-05-25 17:00:00,0.00186258547942408,-0.00197609523922715,0.000371678131021014,-0.00116288741404524,-0.00257570000734741,-0.00070627706652715,0.00597157892429667,0,0.00561620328067969,0.000825617785884525,0.00316455960296302,0
2024-05-25 18:00:00,0.0021414786521543,0.00494889473494631,0.0011142062434033,0.00215857285972909,0.00460761369275353,0.0013238605702095,0.00111939211028833,-0.000652812557184523,0.00224920075212287,0.000942729270857257,0.00315457674851549,0.00353165267914934
2024-05-25 19:00:00,-0.00083660652547124,-0.000526787698120756,0.000927557806972512,-0.00116172944772597,-0.00161324087208925,0.00114592987109052,0.00052980133689573,0.0010877842908803,-0.000172835950307704,0.000588754800639357,-0.00131319782496053,-0.00122108420301004
2024-05-25 20:00:00,-0.000800113861080476,-0.00327336024654024,0.0011119348810601,-0.000996843412003123,-0.00065799314472148,-0.000440586868827086,0.00428693729914209,-0.00152322954052142,-0.000461041962984687,-0.00141359429829801,-0.00315872860688726,-0.00339974489422912
2024-05-25 21:00:00,0.000564240126045945,0.000178872012211784,0.00111069985502155,-0.000332502081201724,0.00197268199190326,0.00114512234490904,-0.00440464667482976,0.00326122693651465,0.00138248869945601,0.00153130367398546,0.0042094247897051,0.00190528092475661
2024-05-25 22:00:00,-0.00014479126469702,-0.00223686536721424,0.00184842936178231,0,0.00286242666670322,0.000176056338482944,-0.00182626932257723,0.00108471645303265,0.00120811175344082,-0.00212089156913731,0.00288373512201678,0.00420596237697057
2024-05-25 23:00:00,0.00233449754797199,0.00309874001114352,0.000184655157019931,0.00166140593125519,0.00249791970016666,0.00149522874068842,0.0257864757825692,0.00238224259927577,0.00287059560998149,0.0023562687621741,0.00209205097222398,0.00526636825839155
2024-05-26 00:00:00,-0.0019439996582058,-0.00108079701279529,-0.00277341399921971,-0.00132890385005346,-0.00458429642194247,-0.000703358566011225,-0.0138292381893312,-0.0030329312677172,-0.00407870736342231,-0.000588546894747743,-0.00576370471674981,0.00631001623777827
2024-05-26 01:00:00,7.86596397794881e-05,0.00340654983443756,0.0020345886977875,0.000166209590675592,-0.00448551931755858,0.000879120935740385,0.00383810659576778,0.00130095421644438,0.00625486215647131,0.00117674760578357,0.000525348055160801,0.00187190855569597
2024-05-26 02:00:00,-0.00372910526599135,-0.00544054578612929,-0.00314611159844369,-0.000332446811571962,-0.00625340261620799,-0.00158297456324963,-0.0128513948183147,-0.0043431121471651,0.0130148749656955,-0.004715321715687,-0.00764469256176659,-0.00683602957011908
2024-05-26 03:00:00,0.00245851570912059,0.00905296899952113,0.000926354860130818,0.00116308063289949,0.00295118713306231,0.00140721219352047,0.0218076272221739,0.00217391389961974,0.0028192857692817,0.00353857410990344,0.00211472455230544,0.00563306210566017
2024-05-26 04:00:00,-0.00144327033370928,-0.00618358790139695,-0.00241030987183211,0.000829944441364638,-0.00385635570706988,0,-0.00895623240385923,-0.00413448527155746,-0.00174702064778076,-0.00294794152525313,-0.0055607186846971,-0.00900120270978277
2024-05-26 05:00:00,0.00239802712198234,0.00324682960520484,-0.000557051355969951,0.000331785006361329,0.00649899988763547,0.00201940452312721,-0.00162648888601535,0.00326548673761884,0.00607323465992282,0.000118084666842933,0.00265181804829373,0.000269869115117505
2024-05-26 06:00:00,-0.00049144553752356,-0.000154245473998671,-0.000557361835144099,-0.00132780102495733,-0.00396658973111741,-0.00201940452312721,-0.00261955500961997,-0.00152256690642516,-0.00776681076754926,0.000354170359643469,-0.00212089156913775,-0.00162030821298886
2024-05-26 07:00:00,0.00338789993188193,0.00690967595231129,0.00278370783822679,0.00348172448216921,-0.00440569227063126,0.000439348014623864,0.00621751617977795,0.00391049813990618,-0.00464379586361385,0.00165113848102827,-0.0010621349909834,0.00512199529275392
2024-05-26 08:00:00,-0.00259667116011819,0.00222677283958106,-0.00334138049883659,-0.00248570846357321,-0.00612773038300496,-0.0017585514072076,-0.0103060681049849,-0.00130180100831911,-0.0124516116404241,-0.00247773119503503,-0.00666402572815628,-0.000537923627817793
2024-05-26 09:00:00,-0.00106751070758371,0.00145895849940203,-0.00335258276396211,-0.00249190261017862,-0.0083723408966776,-0.000352081686587624,-0.00746074836816346,-0.00500599587150652,-0.00501283064050773,-0.00201028862119301,-0.0042884011043971,-0.00607166406854986
2024-05-26 10:00:00,0.00197210001688219,0.00121242261331211,0.000932400999951066,0.00166195816881398,0.00782447906589834,0.00298875046669433,0.00317909133873728,0.00847370632520206,-0.000404425576763678,0.00425230973853097,0.00134210193276507,0.00969704568286689
2024-05-26 11:00:00,-0.00127220861834054,0.00240995601255811,-0.000372856081873651,-0.000830633821327531,-0.00127951274120441,0.00122807032978223,0.00439870507778362,-0.00216590944537642,0.00248174888581199,0.000117861983753187,0.00187592176143614,-0.00187818676086904
2024-05-26 12:00:00,-0.00205157413913071,-0.00275170514048106,-0.00467246901845564,-0.00166334037019045,-0.00274733833783092,-0.000964785410098923,-0.00822663001347168,-0.00369284659916214,-0.00752187773735669,-0.00235988310109114,-0.0053691404150582,0.00241416426264518
2024-05-26 13:00:00,0.00206936528196167,0.00146869332423449,-0.000374742369009917,-0.000333000336077305,0.0076129360648034,-0.00114140229258242,-0.00972378111037142,-0.000435350463994122,0.00156689815304123,-0.00236546532533488,-0.00134680155037881,0.00454424732809855
2024-05-26 14:00:00,0.00218142615441152,0.0139483183791107,0.00243331893579057,0.00581155641477693,0.00260550939655868,0.000175685172623563,0.0104315787098157,0.00694296562073227,0.00324205691258106,0.00319205803934164,0.00564441761967682,0.0114029344812434
2024-05-26 15:00:00,-0.00635799948742033,-0.00762792099516219,-0.00694121537498038,-0.00281853788513953,-0.0146299470095537,-0.00360772972593137,-0.0135345767838049,-0.00650761515673814,-0.00981624354826049,-0.00686962313077633,-0.0115919885446734,-0.000395595706352392
2024-05-26 16:00:00,-0.000572003059984283,0.00800844096605147,-0.00263902132425464,0.000332005315134332,0.000920669084520043,-0.00202956169379931,-5.97675044258228e-05,-0.000653096790385166,0.000408508657310236,-0.0033333364197583,-0.00108518730128671,-0.00542221787363317
2024-05-26 17:00:00,-0.000443065895273875,-0.0050075087382595,0.00132038121606837,-0.00232635531969372,-0.00609213908443529,-0.000618511175008329,0.00340105939581825,-0.00065352360456894,-0.000291774868582895,0.00119175320981579,-0.000814663996176357,-0.0033207176692911
2024-05-26 18:00:00,0.000320108624515925,0.000813804032553378,0.000376931779811351,0,-0.00111166019353259,-8.83899766344065e-05,0,-0.000435919797661444,-0.00140170563775,-0.00131100668321427,0.0013574048507472,-0.000798615775175371
2024-05-26 19:00:00,0.00150148499164615,0.00806572884401824,0.000376789755776707,0,0.005423073622433,-0.000884329735735712,0.0027957071416933,0,-0.000994064929971117,0.0028581655755886,0.0029798207068632,0.00491466752668801
2024-05-26 20:00:00,-0.00265505439262625,-0.00468242108296124,-0.00207410275165643,-0.00199833538606864,-0.00357099258924976,-0.000973666817351226,-0.00559925217938995,-0.00109063158373113,-0.000175525846631608,-0.00345464635676951,-0.0043372255576104,0.000529871518557101
2024-05-26 21:00:00,-0.0029557247511125,-0.00212620392081497,-0.00113314459716884,-0.000667000191478806,0.00725175252667398,0.000973666817351226,-0.0014944558479788,0.00261552023560263,0.00286307128293561,0.00333571908065888,0.00352542738016393,0.000926600106008646
2024-05-26 22:00:00,0.000612497923627942,-0.00376564042092653,0.000755572381997749,0.0023325568723136,0.00275170626438204,0.000972719712370118,-0.00161652482440311,0.00152256690642516,0.000641605201513684,0.000713351593678802,0,0.00224674646813572
2024-05-26 23:00:00,-0.000763564486687685,-0.0030243234311893,-0.00245770045252824,-0.00116559833361585,-0.0021395612893409,-0.000265193371720152,-0.00408286367229294,-0.00435635626872644,-0.00631728820618438,-0.00285646468921375,-0.00488467728360753,-0.00237906535685006
2024-05-27 00:00:00,0.00457353768587865,0.00431060440832276,0.00358998968465507,0.00133200152894108,0.0132524735907005,-0.000884486171230492,0.00940154833512996,0.00305144090304532,0.00404064614406918,0.00261873736133822,0.00488467728360753,-0.002252104018718
2024-05-27 01:00:00,0.00365929097049999,0.0105427204671002,0.00338919548671923,0.00365388215853901,0.000603718926812213,0.000176959830580525,0.000714966665346539,0.00737210624148299,0.00489711233439616,0.00462551972189207,0.00620700953806708,-0.000796072750015586
2024-05-27 02:00:00,0.000540433529410578,0.00788902070808639,0.000375869201944434,0.00446613925719674,-0.00818112007816385,0.00106110187690689,-0.00226581696126837,0.000431965449481431,-0.00250385899583794,-0.000591821050593744,-0.00107671612017235,-0.00612437009455835
2024-05-27 03:00:00,-0.0034484996936861,0.00129945244712815,-0.000939938033296173,-0.00132122232266774,0.00630840379097908,-0.000884173355567786,-0.00664812438697404,-0.00194531564642586,-0.00140023360100994,-0.000473709151444623,0.00295818421987759,0.000400560790454918
2024-05-27 04:00:00,-0.00150272355096348,-3.82701387078299e-05,-0.00207097880665352,-0.00181953569346049,0.00247607095735347,0.000707401214396608,-0.00240659522926823,-0.000432806758541515,-0.00532710172397666,-0.000355429184477174,-0.000268564524240844,-0.00280730082101988
2024-05-27 05:00:00,-0.00357479792484305,-0.0037704013552311,-0.00491215799737765,0,-0.00647486453183976,-0.00185799655308694,-0.00368124491639366,-0.00629683982656248,-0.00382252222332635,0,-0.00781991311353147,-0.00604231445596293
2024-05-27 06:00:00,-0.00191910769732395,-0.00270554262393041,-0.0053171412776204,-0.00215463744581701,-0.000607275175036115,-0.00425985734695722,-0.00302755302403779,-0.00414711933452083,-0.0011791063740807,-0.00189775884260346,-0.00488467728360753,-0.00445435034938013
2024-05-27 07:00:00,0.00365056190878477,0.00509213281448595,0.0053171412776204,0.00049763623818766,0.0054522458927897,-0.00302841596021697,0.00610624308971097,0.00371138948013217,0.0079321195001385,0.00296366763067901,0.00650761515673803,0.00256704862983881
2024-05-27 08:00:00,-0.000282077256070323,-0.000644048325886715,0.00604231445596259,0.000331619966560837,6.04138347863881e-05,0,-0.000783864491883834,0.00239416808235304,0.00373854048380728,0.00295491025242178,0.005659629714307,0.00403986544590218
2024-05-27 09:00:00,-0.000417288031790974,-0.000127836696464101,-0.00301659353942574,-0.00116115132893668,0.00102647716044313,-0.00950083331962004,0.00960506844134779,-0.00065238667095846,-0.00192593949052577,-0.00354694152896418,0.00268384487453499,0.00201382896816638
2024-05-27 10:00:00,-0.00025631836572515,-0.00117430511397387,-0.00207919931250611,-0.000332005315134332,0.00427569830273544,0.00152980907225642,-0.00233274622038704,-0.000435161016440477,0.00912982819431551,0.00248417942858037,0.000535905693426209,0.003614703714931
2024-05-27 11:00:00,-0.00209514495263186,-0.00151404749624362,-0.000946521604030748,0,0.00796053882101244,0.00152747233077211,0.00460045620932359,0.00390964876803301,0.00323643581350463,0.0017706432059228,0.00214075543356218,-0.000133645172267105
2024-05-27 12:00:00,0.00273115446712957,0.00294400966301467,0.00264800608673932,-0.000664341495950183,-0.00520009539745381,0.000628281670354891,0.00836973989353584,0.00108330635662013,0.00242047144452417,-0.000353877915813427,-0.00106980486266206,-0.00214075543356218
2024-05-27 13:00:00,0.00433065342941852,0.00481966741451245,0.00602638358683094,0.00397944481378776,0.00823590236602545,0.00304605145035675,0.00259755739654732,0.0105547560353749,0.00201259376176965,0.0035331564253891,0.00799577820655717,0.00587608528365147
2024-05-27 14:00:00,0.00839136824982134,0.00329154021617839,0.00449607351617487,0.00264419258343018,0.00498014902550103,-0.00259752038206074,0.0143415693094542,0.000642604713127493,-0.00155221509218917,0.00375499150432823,0.00450272247972761,0.00212822639520205
2024-05-27 15:00:00,0.0124949927253972,0.00494231609877716,0.00781981270209064,0.0111604637806657,0.0114663297263968,0.00393842256303989,0.00226408618964791,0.0110733669825152,0.0359936026479053,0.0077004230697133,0.0157318399184141,0.0260981306125636
2024-05-27 16:00:00,-0.00302600855785684,-0.00434662910832984,-0.000185477140474233,-0.00146998801480613,0.00251087691402496,0.00240910221356128,-0.00464981947914889,0.00105831314777816,0.0221743443367957,0.00174185725977871,0.00493059257609829,-0.00142496299777317
2024-05-27 17:00:00,0.000324770570403032,-0.00207757097943251,-0.00260029864199074,-0.00212713816604371,-0.00157586048311842,-0.000445692390494745,-0.00455448644351897,-0.00360284378277298,0.00983100879580689,-0.000348128811174853,0.000517598355241233,-0.00428711276949123
2024-05-27 18:00:00,-0.00283242957351781,-0.00288887450964026,-0.00204784582410855,-0.00262424293623109,-0.00538832274768986,-8.91623200627301e-05,-0.00645845363763975,-0.0059625389596073,0.00605559043490844,-0.00395395328475434,-0.00727087077456989,-0.00692405927837214
2024-05-27 19:00:00,-0.010420394377423,-0.0136926971698852,-0.00917351748123107,-0.0110644345668947,-0.00961857945229205,-0.00366251693521447,-0.0162711428206859,-0.00771873472050166,-0.00718501750524547,-0.0114849498668965,-0.010742930517134,-0.0097484634479077
2024-05-27 20:00:00,0.00575872513450371,0.00506557081830827,0.00674791688904297,0.00480411758064214,0.0123749369432398,0.00464286548305015,0.0115477473707022,0.00771873472050166,0.0113968969490554,0.00774924624623274,0.00996076387577149,0.0152393910888997
2024-05-27 21:00:00,0.00207923194835935,-0.000585850193282056,-0.0011214954446499,-0.00115750322969088,-0.000996103559935513,-0.00178316737691464,-0.00201421869046525,-0.00342319546948078,-0.002983804430293,-0.0023419214450815,-0.00365822200496924,-0.00365726635445629
2024-05-27 22:00:00,-0.00306205743004106,-0.000714790799863252,0.00149504793311772,-0.000827609084729453,0.00333597008523068,0.00222846283780642,0.0021917492409802,0.00363675660216645,-0.00235067957371937,0.000937426832182453,0.00130804466001555,-0.00485342331345206
2024-05-27 23:00:00,-0.00223192527040439,0.00163452480981619,-0.00280505092760852,0,-0.00585996402927957,0.00169031666953012,0.000473260775515794,0,0.00480231433576694,-0.00164107409939973,0.00026140373956185,0.00459167746717259
2024-05-28 00:00:00,-0.000850347538204232,-0.00438015889292842,-0.00206204965745827,-0.00132560085691402,-0.00182358355191425,-0.000355618780419231,-0.00551553751231082,-0.00342246323372619,-0.00887563972340244,-0.00234907319672395,-0.00708199681257238,-0.00511778559452569
2024-05-28 01:00:00,-0.0110631114892126,-0.00757530347001278,-0.00621178467993833,-0.00482008745067475,-0.00982198299024883,-0.00427731894330874,-0.0130493890536509,-0.00882390315843107,-0.010962120735452,-0.00566039247171002,-0.011383312859472,-0.00699719007759958
2024-05-28 02:00:00,0.00095983731652538,0.0038051806164443,0.00245167496682752,0.0041566274827316,0.00373898770854542,-0.00107219452730511,0.00222683730791395,0.00431407053896993,-0.00282747184183885,0.00424829527307313,0.00318979536809971,0.00423057214797673
2024-05-28 03:00:00,-0.00921089841837208,-0.00334529999542532,-0.00642481423940433,-0.00816331063916031,-0.00838766405792235,-0.00295447638699642,-0.00621138737562066,-0.00799572060984621,-0.0137615593188736,-0.00792106760258449,-0.0130895417711834,-0.00582166238021831
2024-05-28 04:00:00,-0.00372491396487007,-0.00341386954510092,-0.00684803893604746,-0.00184177532180119,-0.0102072336228574,-0.00413297982741678,-0.00667640256117474,-0.0111269829148787,0.007918220190132,-0.0142253310298637,-0.011901682278133,-0.0183466813306481
2024-05-28 05:00:00,0.00371565606422486,0.00623088972639785,0.00304936390283161,0.00501505564642724,0.00679640543506466,-0.00442139226924176,0.00806676095350367,0.0030668151090717,0.000711763286639577,0.00492404766003851,0.00650938018551717,0.00296896304458238
2024-05-28 06:00:00,-0.00113025455548943,-0.000665926485082124,0.00019027685339501,-0.00133489090404737,0,0.00126525095957231,-0.00369171599718898,-0.000656383351429812,-0.00763677035092547,-0.00251904409581627,-0.00406339445725656,-0.00337450546311802
2024-05-28 07:00:00,-0.00411007545654662,-0.00277991013891743,0.00152091284070666,-0.00183838942057868,-0.00444551975667462,-0.000270990471826771,-0.0069970776180186,-0.0030688318692127,-0.00486511353245334,-0.0020438840899395,-0.00108636621222091,-0.00841824387574408
2024-05-28 08:00:00,0.00686018610921302,0.0075920560421352,0.00170826652531675,0.00384005814562904,0.00946795183880855,0.00189539295878882,0.00899592743099609,0.00569178419268346,0.0135959160476391,0.00623877248507654,0.00542006746933898,0.0105792387739789
2024-05-28 09:00:00,0.00258249034357583,0.0011317920000149,0.000568774306735298,0.00183134988335265,0.00107296147632763,0.00315102669002831,0.00314161689034198,0.00196270916784869,-0.00366972888896244,0.00310485083435363,0.00296856242828181,0.00202170026404636
2024-05-28 10:00:00,0.00373582949419671,0.00471189111860681,0.00548153721087841,0.00298953884836628,0.010136123058393,0.00323073062127399,0.00894766516053713,0.00282824076265054,-0.00401375109298563,-0.000119239253703718,0.00215343286447256,0.000538430488172814
2024-05-28 11:00:00,-0.00295134139970799,0.00128401141727608,0,-0.00165975141836494,0.00147331847377341,0.00134306328108291,-0.00828435521973359,-0.00130434801101342,0.00461716864880302,-0.00250731430978313,0.00214880555418828,-0.00499157866089206
2024-05-28 12:00:00,-0.00265361781209883,-0.00288556814388663,0.000753721535588059,-0.00216180345270533,0.00844431218412467,-0.00403461344357181,-0.00647094876894627,-0.00326833279278715,-0.00280073771040135,-0.00167504226769477,-0.00161117113263565,-0.00406559714360877
2024-05-28 13:00:00,-0.00612690254919634,-0.00823812021245907,-0.00320724734882527,-0.0055087360741064,-0.00867989731979257,-0.0013484966308317,-0.0102452414628032,-0.00569053844636802,-0.00396738452946988,-0.0044404513406473,-0.00917933011247829,-0.00599293539761137
2024-05-28 14:00:00,0.0026075249930102,-0.0010779800321945,-0.00208077252791306,0.0028416233078703,-0.00697484799483217,-0.00261226109004298,0.00220426246487371,-0.00153761699706867,-0.011550550451203,-0.00228791718803745,-0.000271260004375939,-0.000273261376205092
2024-05-28 15:00:00,0.00594208656417194,0.00106503043848782,0.00378000828087288,0.00383174146454923,-0.00184047310539004,0.0025222966259455,0.00238248073842784,0.00657320508709125,0.0150228718500136,0.000120547284818251,0.00622043925982219,0.00992597720573474
2024-05-28 16:00:00,-0.00971237132209701,-0.00922895737427254,-0.00415879616418979,-0.00416563128401215,-0.00859398939357536,-0.000179953212650297,-0.00495459312468327,-0.00306211962802649,-0.000990862131053039,-0.00229288702396779,-0.00757784411056939,-0.0056987942560156
2024-05-28 17:00:00,0.00102512343484307,-0.000138548870721067,-0.0034155630928091,0,0.00113816767311192,-8.99887514669295e-05,0.000735564578953962,0.0013134853026755,0.00456082335765551,0.000362384493909573,0.0043372255576104,0.00393834962774964
2024-05-28 18:00:00,0.00142648560515823,-0.00658354399526573,-0.00247407110688214,0,0.00430133884993467,-0.00117059128220021,-0.00159440764751095,-0.00460476638674823,0.00982004618097543,-0.0021762794225948,-0.0054244776353598,-0.00312224512108283
2024-05-28 19:00:00,0.00799483538917478,0.0106822151231079,0.00437304623128187,0.00416563128401215,0.0156151513753562,0.00269929982144568,0.0109864386306071,0.0059165287086459,0.00433370125711807,0.00795664233809479,0.0116264659659206,0.0100109061162683
2024-05-28 20:00:00,-0.00143955991270595,-0.00203288653791844,0,0,-0.0039399068930237,-0.000179726815724646,0.000242777374341197,-0.00021850759400821,-0.00146052550777887,-0.00192307751574194,-0.00134499011533284,-0.00350593670870802
2024-05-28 21:00:00,0.00110599698988345,0.00271480175699779,0.00170599984510023,0.00149538949524697,-0.00472479026838091,0.000269578111890212,0.0119444021251522,-0.000218555350012139,0.000865754071715852,0.00372261012301145,-0.00161637966226902,0.000135071250289887
2024-05-28 22:00:00,0.00312268370805136,0.00507888660961697,0.00302572091653686,0.000663900439322518,0.000650983896343327,-8.98512961655662e-05,-0.00704079935820334,-0.000437254051566582,0.00237696616695748,0.00167664709936144,0.000539083571006849,-0.00473838292638895
2024-05-28 23:00:00,-0.00316771299390872,-0.00475110816409874,-0.00170084138139392,-0.00166057826269217,-0.00207278508372699,-0.000988897460010296,-0.00375121446655968,0.000655809401578722,-0.000269825424588532,-0.00155679332082759,-0.0024281679271545,0.000135694416383059
2024-05-29 00:00:00,0.00142606306280513,0.00101387193344848,-0.00322061470004209,0.000332336327419469,-0.00124573648024651,-0.000269869115117949,0.00935178313894158,0.00021850759400821,-0.00465242927363541,-0.00131918229840178,-0.00460268851000611,-0.00367022773177173
2024-05-29 01:00:00,0.00107977189368214,-0.00108670230374486,-0.00285035822435664,0.000332225916676698,-0.00154449359442133,-0.000359938814288085,0.00407527832382648,0.0017463440369232,-0.00119364128978861,-0.000600204087401579,0.000271333606331581,-0.000408635843049288
2024-05-29 02:00:00,0.00166988977608895,0.000780049494689905,0.0036090836021806,-0.000498380274457588,0.00858323557589724,0.00197806214469853,-0.000418747949767484,0.00435256399884199,-0.00446162119945193,0.00203922580113058,0.00216802252941672,0.00176955058766093
2024-05-29 03:00:00,0.00210625874422199,0.000932660188333045,0.00265101461829031,-0.000332391560314171,0.0157308585832858,0.00188450722079159,0.0161437419057591,0.00130208351729832,-0.00120041483285993,0.00358852059733117,0.00862539040234855,0.00461330533251547
2024-05-29 04:00:00,0.000204978538620892,0.00538407757356829,0.00264400531744857,0.00182678785336776,-0.00127728767945978,0.00214938288014466,-0.00111926022700404,0.00454398704612557,0.00718096873185425,0.00226608720026977,0.00160901080570053,0.00391812971695327
2024-05-29 05:00:00,-0.00376633315343966,-0.000914724018695523,0,-0.000497884003314297,-0.000813669695013175,-0.00439324685621845,-0.00460803083952355,-0.00151236930630549,-0.00750860484028415,0.000238237046986889,-0.00375839368584518,0.00161681522690538
2024-05-29 06:00:00,-0.00104159032527917,-0.00259108744083569,-0.00207684394483909,0,0.00666418019922599,0.00197486599193652,-0.00189663404413176,-0.000865239076259239,0.00430530107229687,-0.00190748746439517,0.00161247011556842,0.00577221550320495
2024-05-29 07:00:00,-0.00830180710075901,-0.00996069832832625,-0.00587623717237618,-0.00699653028983604,-0.0136072344331577,-0.00152569022190852,-0.0101965642985504,-0.00629547287086407,-0.00550755270626135,-0.00466480123451696,-0.0107992410217599,-0.00846836164978582
2024-05-29 08:00:00,-0.00109689862905071,-0.00498360172822387,0.00568721912058956,0.00133645191960152,-0.0106537397797375,0.00044897410173661,-0.00884934890336231,0.00239260581783907,-0.004438971530627,-0.000479673830997562,0.000271407248239264,0.00242685841101009
2024-05-29 09:00:00,0.000490653401520547,0.00120947294876039,0.000566947005642415,0.000166930974430102,-0.000828794743155115,0.000987034043075319,-0.00570009426434304,0.00346996661336396,0.0135833853496248,0.000719424491460785,0.00162689840656149,-0.00175214008030577
2024-05-29 10:00:00,0.00123874510387978,0.00506125818807668,0.00245306283969726,0.0023341124301588,0.00766965411533782,0.00313409703596479,0.0079348670362942,0.00194657788296182,0.0128665875576246,0.00418635860490557,0.00621203888265276,0.00752590570034695
2024-05-29 11:00:00,-0.00333398760192694,-0.00360394728536129,-0.00283099179355306,-0.0025010434045889,-0.0110511422245949,0.000268180397620554,-0.00799568133983719,-0.005633817718256,0.000748583074204667,-0.0027490604774858,-0.00539958115346595,-0.012529635120637
2024-05-29 12:00:00,0.00198375819339702,0.00111190377754511,0.00113335864039477,0.00083437635211947,0.00302607997851645,0.000714796313493693,0.000851063881156744,0.00325415191167777,0.0187970482931594,0.00203264253639635,0.001352631073269,-0.00325910120090667
2024-05-29 13:00:00,-0.000267495196329293,-0.00456036432577278,-0.000377643509019809,-0.00250522051693736,-0.00053334914891412,8.93136248527604e-05,0.00267006651742197,-0.00325415191167777,0.000786513948732637,-0.0025115124126609,-0.00297820715596986,-0.00545555090153704
2024-05-29 14:00:00,-0.00361554465362701,-0.00523479169338614,-0.00018887524846023,-0.00200870506108064,0.00325492224046187,0,0.00531883997947036,-0.00282885620047779,-0.00372831056493927,-0.000479099302492791,0.000542152358088632,-0.00768812133901342
2024-05-29 15:00:00,-0.00379042234181881,-0.0048712895111116,-0.00264800608673932,-0.00234860030787498,-0.00384786622462929,0.000267893022988908,-0.012861913642408,-0.00721708982776059,-0.00675678246288003,0.00334888484252982,-0.00734397425575839,-0.00400470051199142
2024-05-29 16:00:00,0.00260941935219705,0.00119879709368043,-0.00132663716983739,0.00117498964420548,0.0174040140809248,0.000803248737909712,0.00887543820112358,-0.000439077943387822,0.00428107733471217,0.000716161405639681,0.00680182189766976,0.00331537808861149
2024-05-29 17:00:00,0.000827721158215056,0.000488675486714385,-0.000758869321183964,-0.000167771160531238,-0.00719532777619403,0.00151548948104896,0.00338348458847437,0.000877963181944552,-0.0084741781414186,0.0016690514127351,-0.00271517951221778,-0.000275862070715061
2024-05-29 18:00:00,-0.00323383412461453,-0.00210512963682241,-0.00323163478659905,-0.00201545247935009,-0.00488480505198119,0.000623358139424823,0.00126586110516946,-0.00461793014166567,-0.00731352519151907,0.000238208671921924,-0.00517924014505988,-0.00483994583739333
2024-05-29 19:00:00,-0.00187212835111694,-0.00229623672739976,-0.00381534228565217,-0.00134589522335471,-0.000531114467649196,-0.00106885197670303,-0.00513363651974452,-0.00264842352993733,-0.00855556888100972,-0.00345959187885914,-0.00575580594113889,-0.00430645938868279
2024-05-29 20:00:00,0.00325010857325303,0.00105021027183661,0,0.00201816415623668,-0.00248227077812313,-0.00071320320398538,-0.00491669933375682,-0.000442086656183394,0.00388329057114811,-0.000956480225957179,0.00082428909736576,-0.000696330367248921
2024-05-29 21:00:00,0.00317577107975353,0.00639468511502805,0.00190949074631708,0.00234938856176647,0.00212803768904823,0.000356665184342742,0.000790730250135763,0.0026495930713939,0.00392188968055729,0.00191204647162557,0.00629707761858755,0.00222655254801674
2024-05-29 22:00:00,-0.000301520687363777,0.000439326619936509,0.000953379803360188,-0.000167630542677877,0.00171096534260951,-0.000267486961605723,0.00194375326946106,-0.00176561511327844,-0.00483741873177035,0.0011931751803349,-0.00328048407916182,-0.00222655254801674
2024-05-29 23:00:00,-0.000407736717388474,-0.00315631982626563,-0.00171673861905464,-0.00134205690332845,-0.00781161505704464,-0.000356760617412189,-0.00565953130897001,-0.00331895425806383,-0.00578176846371337,-0.00322484603155182,-0.00880093689504235,0
2024-05-30 00:00:00,-0.00102665420194725,-0.00250617039444379,0,0,-0.0017243946594947,0.000535093208165804,-0.00213825416717372,0.000443164199586232,0.00281400694377831,-0.00107726385425444,-0.00415225510076756,-0.00265048631136766
2024-05-30 01:00:00,0.00320572281359155,0.00465916646141373,0.000763358815694448,0.00217992875796025,0.00231832471199578,-0.000624303253276004,0.00341901548029599,0.0028757900584776,0.0144319680766811,0.00358637563122688,0.00415225510076756,0.00529396611161936
2024-05-30 02:00:00,0.00219670052997323,0.00112767636523969,0.00494767897982007,-0.00100553050201935,0.00933757744841568,-0.00725257241781652,0.00255661205727575,0.00198609797162941,0.00975307211604948,-0.00107456281607199,0.0118084579589977,0.000555632741062517
2024-05-30 03:00:00,0.00248553601132428,0.00303786199243383,0.00151745097403333,0.00201005092802475,-5.88252595834504e-05,0.00161623452620274,0.00448866457883268,0.00176211499339929,-0.0122596732524785,0.00179029707065137,0.0049019706002067,0.0036041070341144
2024-05-30 04:00:00,0.000657464149329101,-0.00230000193814384,-0.00132764362791926,-0.00117203864400395,0.000352899662526163,-8.9722309512652e-05,-0.00473187002783337,-0.00286501573384912,-0.000801303496493322,0.00107264178093391,-0.000543478274246834,-0.0073606331907532
2024-05-30 05:00:00,-0.000423486515291671,0.000531239399268912,-0.00132940860904784,-0.000167546285053,-0.00814836818328146,0,-0.00493767957386826,-0.00243067184086132,-0.00321165033580373,-0.000476587641571769,-0.00244931405615834,-0.00489066858976739
2024-05-30 06:00:00,-0.00445540590949633,-0.0117663268861179,-0.0149342235681275,-0.00520790761292123,-0.0154745432923997,-0.00449641045327498,-0.0205594523596155,-0.0147094250089639,-0.0167598668093221,-0.0119891137538515,-0.0206476708934691,-0.01424867162093
2024-05-30 07:00:00,-0.00364344861792709,-0.00536683029457485,-0.0052219439811515,-0.0077781927489875,-0.0065241260769433,0,-0.0118597066654487,0.000897666128501173,5.45181954616503e-05,-0.00617024521270082,-0.0106264982066917,-0.00956535239513179
2024-05-30 08:00:00,0.00154353964808251,0.00415229965227226,0.00387072285094236,0.00423478230900276,0.00284443560317271,0.00135104726698154,0.00346577113664681,0.0120402792320806,-0.00147303553736489,0.00460104940516004,0.0156209591991852,0.0107013934147841
2024-05-30 09:00:00,0.000841437522558053,-0.000350722666302872,-0.000386398768331686,0.000506970860034706,0.00163038591714315,0.000719812879739212,0.00031447530055706,-0.00133067218570504,0.000163777808472876,0.000724550206797403,0,-0.00227337409647244
2024-05-30 10:00:00,0.00289104574764742,0.00188335560389596,0.00539604315673381,0.00370995366501603,0.0055355135331645,0.00152788417805327,0.00188477784010588,0.00310215183408713,-0.0024047669674796,0.00289296248052828,0.00744522948314597,0.00383332619611987
2024-05-30 11:00:00,-0.00184252907681603,-0.00121146817731166,0.000192178342092286,0,-0.00276392653271262,0.000448933789806816,-0.00213635016847658,-0.00821952867083742,-0.0107276506718121,0.000120358668977971,0.00411241155309217,-0.00155995209964743
2024-05-30 12:00:00,0.00465361907305883,0.00754173301462302,0.002494963389997,0.000841255202302271,0.0078511685542475,0.00268937858197127,0.0131848068649076,0.00422927731123812,0.00913952295925258,0.00228406662982383,0.00491267363578851,0.00467257487300632
2024-05-30 13:00:00,0.00717551454410881,0.00616111614857573,0.00287109011464182,0.00386068461060596,0.00405124176374549,-0.00044772778898805,0.00353214929582402,0.00133185369298927,0.0083504373886738,0.0167891066267938,0.00108843548160476,0.00211670155937793
2024-05-30 14:00:00,-0.00386017519770299,-0.00565397971933912,-0.00172166470073587,-0.002684115015259,-0.00124936804185971,-0.000806415526878546,-0.00932204873878795,-0.00556113100422739,-0.0122492918923736,-0.00260108919410218,-0.00819229049259151,-0.00551277104665293
2024-05-30 15:00:00,0.0025006887146013,0.00236500749210222,0.00420329239409878,0.00218139192130362,0.00297212368818389,0.00214899796171064,0.023936984956948,0.00489542588699887,0.00647144958957835,0.00919167442422086,0.00710385501098676,0.00226532731732654
2024-05-30 16:00:00,0.00211709764516677,0.00324673893049976,0.000571809793527556,0.000502723093955382,0.00792200418555211,0.00143010392625387,-0.00961693118219942,0.00177422978456287,-0.00355959960752506,-0.00482098646714402,0.00488865721033127,-0.00198188060341042
2024-05-30 17:00:00,0.00926298246350576,0.00618923284306305,0.000952290330036409,0.00367893391527563,0.00891083396468062,0.00142806164933473,0.00202908422678094,0.00486296272223585,0.00530737437107875,0.00117799518864281,0.00243539560231731,0.00846625629844078
2024-05-30 18:00:00,0.000649431071181539,0.00096492707604412,0.000190349291523617,0.00116773722502916,-0.00327370805643756,-0.000178396218473154,0.000368482470545439,0.000440917114726824,-0.007394255242684,0.00235183551488127,-0.0016229378731305,-0.00295504330985574
2024-05-30 19:00:00,-0.0102470842432467,-0.014144537253058,-0.00649228936880064,-0.00467915292230625,-0.013915318877614,-0.00151765417693817,-0.0113002530090807,-0.00486081381287806,-0.00589972212718859,-0.00683561883802408,-0.00924673436377343,-0.00536951975420008
2024-05-30 20:00:00,-0.00258194963045355,-0.00648561549076376,-0.00614913544034989,-0.00503779402995708,-0.00685158627792859,-0.00089381486107909,-0.0097975759555553,-0.00912232380101086,-0.00966889061824006,-0.00652550218522663,-0.00933303508061556,-0.00682402420657957
2024-05-30 21:00:00,-0.000865349022443951,0.0036506673562311,0.00269490057226229,0.00218616079669953,-0.00257400399517316,0.00107248200466659,-0.00125502024505053,0.00134018335895591,-0.00436486423269278,0.00640723596783399,-0.00525371041125711,0.00213751417331087
2024-05-30 22:00:00,-0.00148948672873672,-0.00104550070866516,-0.000961631000154894,-0.0005040746137146,0.00215543132185658,8.93216024890897e-05,0.00119230662676784,-0.000223239201730729,0.00397392289683784,-0.00153873499023671,-0.000832062175310622,-0.00299380079620426
2024-05-30 23:00:00,0.000544973895276968,0.000125411088372829,-0.00211884890983238,0.000168053105176647,-0.00191570939813879,0.000178619273494274,6.27136182826948e-05,-0.0031305928967007,0.00234335876915948,0,-0.00166620421774999,-0.000857020478109094
2024-05-31 00:00:00,0.00157632208198954,0.00128788856101991,0.0023112491028261,0.000671930144547694,-0.00197942661277395,0.000803392143189807,0.00363067691468477,-0.000672118318121639,-0.00206409936328456,-0.000473933658160064,0.00471372008238635,-0.00185940123657113
2024-05-31 01:00:00,-0.000292184078046986,-0.00113314761839156,-0.000192400192993714,-0.00218542576684744,-0.00204351555666982,-0.00107133301917317,-0.00294108656669834,0.00111994635964085,0.000725709692162013,-0.0018979839624107,-0.00471372008238635,-0.00171944447005146
2024-05-31 02:00:00,0.00145992152225638,0.00118910516528103,0.00288212323629378,-0.000336643665861836,0.00486151664206513,0.00080360734714402,0.00306604751656425,0.0037984628399319,0.0049542253910313,-0.00154476888897559,0.00277546667203588,0.00229193625611823
2024-05-31 03:00:00,-6.09881540185597e-05,0.00193260951707685,0.000958864777657054,-0.000673627509474528,0.0013163407632808,0.0013379121649657,0.00106153808088871,0.00289500257865682,-0.00534492670485065,0.000475567717916014,0.00110803335436138,0.00214392992861345
2024-05-31 04:00:00,-0.000280476666238982,0.000638058622012494,-0.000958864777657054,-0.000674081589393971,-0.00107687716060401,0.00142513607446482,-0.00262467342277128,-0.00267201227781089,0.00334392553693252,-0.000951361708097842,0.00027681661076473,-0.00157176570187545
2024-05-31 05:00:00,-0.00107871465128007,-0.00425075813906695,-0.00422996208480142,-0.00067453628189984,-0.00666649116177709,-0.00921006197364793,-0.0041384558689157,-0.000446030337457049,-0.00339975247344393,-0.00142874175988794,-0.00527266380413627,-0.00200400868671524
2024-05-31 06:00:00,-0.00249746462906764,-0.00201984107656728,-0.00328090615641929,-0.000337438842412219,-0.000301340969584452,0.0010773928138601,0.00150687540285976,-0.000892657948139308,-0.00874739232466482,-0.000834376352120358,0.00416493729928424,-0.000286615077915053
2024-05-31 07:00:00,-0.00142194439533583,-0.00267266702571334,-0.00174131803698196,-0.00118193344278517,0.00433057335036402,0.00250941160542562,0.00250642402033541,0.00111569798475042,0.00673554409941612,-0.001670844164817,0.00221422730930954,0.00214761339613467
2024-05-31 08:00:00,-0.000572074211527607,0.00163444261713508,0.00713944180653936,0.000675561586239937,0.00251753414751121,0,-0.00125242674020187,0.000668821783932794,-0.000951448231842011,0.000238863013198198,-0.00554478825647431,0.00114351070207896
2024-05-31 09:00:00,-0.0027335672416271,0.00317282809347752,-0.000769378764630457,0,-0.00131791788080893,0.000715819644022897,-0.00257238903339196,-0.00178451976868321,-0.00128869607413273,0,0.000833680748577592,-0.0024315251914151
2024-05-31 10:00:00,0.00562550109265736,0.00998446906441508,0.000961631000154894,0.00303439207877609,0.00418736030876143,0,0.00482562901782391,0.00289822965103359,0.00285530524587863,0.0014319811516188,0.00194255645933783,-0.000572983828883489
2024-05-31 11:00:00,0.000239971216311474,0.00472896377705467,0.00230414848485017,0.00218579321998025,0.00731558263041254,0.000804685098631186,0.0056731550803959,0.00399911663839037,0.00879444608364333,0.00368982148086872,0.00690705881764497,0.00214699860616951
2024-05-31 12:00:00,0.00429014277069229,0.00588907925369675,0.00382848859664409,0.00335345720033331,0.00467055742762046,0.00294498450319569,0.00204937193291688,0.00640956995974162,0.00425803170511685,0.00237332495405074,0.00549150199367521,0.00484953168366653
2024-05-31 13:00:00,-0.00826865478769889,-0.010179528794465,-0.00786423924577218,-0.00537094275350203,-0.0130014595229246,-0.00652632954334553,-0.00903629991959698,-0.00552304507898471,-0.0140593019033446,-0.00833139787002857,-0.0118442370720708,-0.00771322207139136
2024-05-31 14:00:00,-0.00850542927647879,-0.00342605163599075,0.00652593486860298,-0.00101027117533636,-0.0041916229035861,0.00384942957774559,-0.00288383373330192,-0.000443164199586232,-0.00426224637182537,-0.00383188111070432,-0.00360860905127769,-0.00344728867675847
2024-05-31 15:00:00,-0.00424860571739138,-0.00761360179911108,-0.00980494253218556,-0.00388218902638648,-0.0111025095076602,-0.000446847498386749,-0.0165219773505452,-0.0106952891167479,-0.0128968358069086,-0.00867579848370958,-0.0123112914794499,-0.0128884558679472
2024-05-31 16:00:00,-0.000231669556628233,0.00250435859721243,-0.00309597770512793,0.00202737018250243,0.00610956744198354,0.000357493971096634,0.00344080879802666,0.00179051077378822,0.00663888726582229,0.00302096779807925,0.00589475391134897,0.0074058277930007
2024-05-31 17:00:00,0.00212215108944491,0.00372226019749711,0.00058122640404068,0.00101214583539466,0.00126563223162268,0.00142869923400113,0.00640397838982798,0.00223363952593714,0.00479563107015624,0.00541484988294272,0.00335289501031078,0.00620179387365183
2024-05-31 18:00:00,0.00107021763710868,0.00469417929645033,0.000967960582788696,0.000505689012039845,-0.00060248224499837,-0.000356983493305041,0.000884452644679401,-0.000669568153572109,0.0171869639910596,0.000719769704779161,-0.000837170413063415,0.0010059640138409
2024-05-31 19:00:00,0.00393972553735367,-0.000116227774871192,0.00251232135235047,0.000842247165093291,0.00240775412774674,0.00196183405173178,0.00485055598416273,0.0026755868804379,0.00842910535680774,0.00383004657307051,0.0088938885315164,0.00415681814060087
2024-05-31 20:00:00,0.000414210681981331,0.00240369191762646,0.000192994307266936,0.00201850362899236,0.00162196293029915,8.90828916895181e-05,0.00345033434106123,0.00244634837893953,0.0176187265515941,-0.00251181281515489,0.00469290026216207,0.000143030823386292
2024-05-31 21:00:00,-0.00213093584596003,-0.00238784188011465,0,-0.000336134456946802,-0.000540362055716948,0,0.00106406294269656,-0.0048986960576467,-0.0095321345664332,-0.00179802266000717,0.000825877541780873,0.00128635764182627
2024-05-31 22:00:00,-0.000820140467812536,-0.00400482808035996,0.00173527470517387,-0.000504413629862199,-0.00216437287642268,-0.000891186227772955,-0.00194120102286699,0.00089245878301969,0.00266297268860294,-0.000960268949074639,-0.00496552744404966,-0.00142938846521257
2024-05-31 23:00:00,0.000451538047085975,-0.00214797757248775,-0.00289379964649272,-0.00151476928736827,-0.00301386605469833,-0.000267510813490634,-0.0035162663380166,-0.003127096584436,-0.000597193209745939,-0.000720807335389928,-0.00387919577616547,-0.00100178899254688
2024-06-01 00:00:00,0.00171085402674898,0.000494257587348557,0.00212293817066389,0.00050517808601569,0.00673848888758322,-0.000535236408852668,0.000691671672181648,-0.00134318354646767,-0.00468129971445963,-0.00144317523544846,0.00166435544661292,0.000286327847339063
2024-06-01 01:00:00,-0.0014149251049691,0.000701107725767258,-0.00096441322934504,0.000336643665861836,0.000899038089864135,-0.000803392143189807,-0.000251461621995297,-0.00044812906866909,-0.000109128608173137,-0.000361119474282745,-0.00249757310348375,-0.00243640392825828
2024-06-01 02:00:00,0.00249909490802303,0.00291600269185999,0.00212048272226373,0.00201748555316872,0.00370747300231145,-0.00716977439542354,0.00226088145040215,0.00290925571647793,-0.00202103032058254,0.00216476332282678,0.00305174324789581,0.0012906003082005
2024-06-01 03:00:00,-0.000202887739986224,0.00031494937912413,-0.000192585460393024,-0.000167968422331022,-0.0031085630005796,-0.000269869115117949,0.000439022867599004,0.000223438722860125,0.00245747331714474,-0.000360468613095577,-0.00305174324789581,0.00300493894282017
2024-06-01 04:00:00,-0.000521436055541002,0.00142000967889722,0.000192585460393024,0.000671704475297297,0.00173481334448855,-0.000179953212650297,0.000689503897940869,0.00223164564833778,0.00733639135419084,0.000840891394375376,0.00249757310348375,0.00356557462541307
2024-06-01 05:00:00,9.36717217570049e-05,0.001436466961378,-0.00096329840798437,0,-0.00149534974181176,0.000539762517602682,-0.00181880949509239,0.000891265656146389,0.000595415319763593,0.00167966446208556,-0.00360961102736734,0.000711591860952598
2024-06-01 06:00:00,0.000102969670500386,-0.000250704944026125,0.00096329840798437,-0.000671704475297297,0.000119710301214049,0.00233561011671979,0.00119200741865999,0.000222692351438014,0.00609609958438773,0.000359561339045023,0.00138985428905425,0.00213174244019143
2024-06-01 07:00:00,-0.000905077748603489,-0.00418946266202447,-0.00096329840798437,-0.000336021508537954,-0.00137753443159205,0.00206157918218475,-0.00295124386132528,-0.00178292893229859,-0.004149942628902,-0.00251964858241038,0.000555401291700175,-0.00426803891597327
2024-06-01 08:00:00,0.001062835672057,0.00689638779228119,0.00134835809699307,0.000839842159047421,0.00251406812653521,8.95375386726904e-05,0.00426707474762944,0.00111470304709271,-0.00205438792047019,0.00251964858241038,0.00332594541627218,0.0022785541045871
2024-06-01 09:00:00,3.97309843158666e-05,-0.00157265665130524,0.00249928035507763,0,-0.00131610452115183,0.00187843876514426,-0.00119043903660998,-0.00178412179350129,-0.00292667273016978,-0.000239693193861079,-0.00193879024863452,0.00510784311438006
2024-06-01 10:00:00,-0.00117280206553261,-0.00188676064959736,-0.000576202839336126,-0.000167912014499727,-0.00215736884776963,0.000357398145334198,-0.00138017587781003,-0.000446528250330758,0.00514306956148447,-0.000839378908926491,-0.00333241074839208,-0.0014162302324634
2024-06-01 11:00:00,0.000491396505806208,0.000604678753141741,-0.000768787275996718,0.00134250733370589,0.00113919129746609,0.000803679107418187,0.000941235597992307,0.00178491792145352,0.00151081882728166,-0.000119968808253823,0.00277777956390235,0.00127469743200059
2024-06-01 12:00:00,0.000844891548034354,0.0019593913961149,0.000576645859323377,-0.000167714885089154,-0.000359604438997074,-0.00062502792337904,0.00263075629333387,0.000891265656146389,0.00156237404838588,0.00107920149571417,-0.000554938970956265,0.00282685700615293
2024-06-01 13:00:00,3.32255913573221e-05,0.00165839263460299,0.000576313530503358,0.000503060293999269,0.0022155034360889,-8.93216024890897e-05,0.005862924546993,0.000667928333859868,0.00241955114408965,0.00119774837651221,0.00110957015544599,0.0031003407021144
2024-06-01 14:00:00,0.00122975133807834,0.00201007205403059,0.000384024582292475,0.0008378718546318,0.00185246101556658,0.00142818912073839,0.000745990336721514,0.00155676668825122,-0.000322268774945567,0.00047869795074007,0.00193879024863452,0.00196795115522974
2024-06-01 15:00:00,-0.00165408819257529,-0.00290736851544438,-0.00153698397211921,-0.00117321726354191,-0.00113497219554848,0,-0.00535860214268746,-0.00333890126551462,-0.000537345526093969,-0.000957625162959275,-0.00499307556066286,-0.00408077678802643
2024-06-01 16:00:00,0.00012895955141623,0.000105296409490307,-0.00019228920355363,0.000838152760490374,-0.000777302798562474,0.00115890362870363,-0.00081252543612087,0.00200467825237804,-0.00226000957149974,-0.00107842560329008,-0.0019485044439036,-0.000846381768681015
2024-06-01 17:00:00,0.00134341016800299,0.00210622993163767,-0.000962001036191151,0.000335064503051541,0.00089683423547271,0.00178031024412562,0.00442961700058508,0.00155642054765814,0.00150724042099393,-0.000719597056717092,0.00222655254801651,0.00183292261396861
2024-06-01 18:00:00,-0.000594798387012929,-0.00131686007088838,-0.00134835809699307,-0.0008378718546318,0,0.00239840221565579,0.00105770736256905,-0.00266963451100055,-0.00236954174093018,-0.000840184890089191,-0.00166944946954084,-0.0049424657555901
2024-06-01 19:00:00,4.50169651298182e-05,0.000659961031038492,0.0017332695721074,0.00167504226769566,0.000716888733730769,0.000975480057843203,-0.000310974284932986,0.00178054798877525,-0.00421440001337547,0.00108010811580872,0.00222531385294777,0.00155598022764258
2024-06-01 20:00:00,0.000631204820946252,0.000596482348537819,0.000961631000154894,0.010819914129149,-0.000896191247434786,8.86328385245605e-05,0.00316740941142402,0.00177738327173094,0.00200135293306403,-0.000239923225719529,0.000277816365170658,0.00197684334357917
2024-06-01 21:00:00,-0.000538963272290971,0.00229065118678307,-0.000769230807161181,0.00132362693050769,-0.0014954391900126,0.000177242113189813,-0.00192409208104993,0.00221729580864749,-0.00221795552231185,0.000599700167898121,0.000832986303891836,0.00197294314279217
2024-06-01 22:00:00,7.95422792361222e-05,0.00166287647795826,0.000384689368083113,-0.00613651482020661,-0.00203739284282634,8.86092774492475e-05,-0.000994530166508412,0.00177030362675734,-0.000379167461141971,0.00167724970432825,-0.00305768132600282,-0.00211401671289302
2024-06-01 23:00:00,2.13971213494091e-05,-0.00158163244836729,-0.00250313021811854,0.0013300085086092,-0.00342496954901428,-0.00212879271452149,-0.00305191604328381,-0.00532034063667086,-0.000812986142715744,-0.000718476860028794,-0.00446429312868579,-0.00367491579658497
2024-06-02 00:00:00,0.0018008811711816,0.00509207595535877,0.00134861787129348,0.00248900817123498,0.00378481122256247,0.000798828427514664,0.00497792080131298,0.00487805845343281,-0.00119357653058883,-0.00191846581622901,0.00474265082011405,0.00282805618351723
2024-06-02 01:00:00,-0.00197576072057082,-0.00295066342839156,-0.000577756395464646,0.00264813130588148,-0.00174043554810854,8.87193364378369e-05,-0.00192600475802918,-0.000885151640000914,0.00519791088559884,-0.00036012244552186,0.000834608477992216,-0.00113026290642315
2024-06-02 02:00:00,-0.000320913416212321,-0.00458686342502546,-0.000770861475828832,-0.0023167311371477,-0.00367083306742799,0.00053215078861113,-0.00611317479854945,-0.000442869803518375,-0.000270058604358248,-0.000960961034911278,-0.00278474142643281,-0.000424178161185118
2024-06-02 03:00:00,0.000829528791566503,0.000165492676012846,0.000578201808534073,0.000662471041120938,0.00198753340339675,0.00088628916552258,0.00268691385446296,0.00199137138492533,-0.00265044103771439,0.000960961034911278,0.0044518715708235,0.00141322804753319
2024-06-02 04:00:00,0.000931126976333019,0.00372813888752077,0.000577867684384614,0.00198478397938562,-0.00156560518520887,0.0021238946037041,-0.00124882938490756,0.00176678491188576,-0.00292905394918153,0.00179931674526745,0.0027723888009743,0.0046495328566265
2024-06-02 05:00:00,-0.00183241038838844,-0.00414323581072829,-0.00231347702953066,-0.00397351516186006,0.00054221768355589,0.0012368585373963,-0.00275292672140504,-0.000441403670817131,-0.00222965532726915,-0.00312087637775171,-0.00443951894536498,-0.00606276090415969
2024-06-02 06:00:00,0.00166246883357601,0.00247489474178586,0.00096459928382131,-0.00166030255639615,0.00162489127918697,0.001411681900223,0.00331509295002075,0.00132362693050825,0.00969803076999431,0.000120213981031014,0.00388565573541566,0.00381114160220086
2024-06-02 07:00:00,-0.00177173472928871,-0.00569116096365363,-0.00405758454487071,-0.00282885620047768,-0.00772670752268478,-0.00158828234218333,-0.0089697951250205,-0.00375483599630833,-0.00746837544272516,-0.00433683368562399,-0.0111421765532418,-0.0082048840543536
2024-06-02 08:00:00,0.000438025167541767,0.000229323641240953,0.00193423657983083,-0.00216865544999401,0.00163482825306449,0.00484518412521862,0.00100762021246492,0.00132684672274686,-0.00517388077888459,-0.000603828289586161,0.00307649522474795,0.00198666164390926
2024-06-02 09:00:00,-0.00326255350539917,-0.00370724815829071,-0.00503681808742829,-0.00183869671526438,-0.00418321868629246,-0.000351586537857607,-0.00606100725338043,-0.00798761735209441,-0.000764734838164749,-0.00496519336742907,-0.00700577336463715,-0.00739900928138648
2024-06-02 10:00:00,0,0.000536870165690928,-0.000388500393386781,0.000836190365639311,0,0.00114220457877723,-0.000443388764191699,0.000890670288227757,0.0019107416759141,0.00133454675554745,-0.00112549252173455,0.00455971151931678
2024-06-02 11:00:00,0.0106279093749375,0.0060154124873808,0.00523206309321977,0.00500251168297172,0.00877065957978651,0.00219288715567156,0.00883063641775639,0.00775971081285898,0.00451664577588584,0.00664614856523471,0.0120331660430861,0.00792980649224551
2024-06-02 12:00:00,-0.00464848640259596,-0.00445140545813416,-0.000579990349752979,-0.000332723343611896,-0.00628286969804215,-0.000876577896241404,-0.00320785254796618,-0.00487049889082913,-0.00473483156194776,-0.00458716400690573,-0.00725854666498682,-0.00282486063555476
2024-06-02 13:00:00,0.00339439493762939,0.00210437566121335,0.000193367495526675,0,0.00387105062119097,0.00332691604358537,0.00345901417179073,0.00221680427736293,0.00652495382251761,0.00350263055120159,0.00335664650827239,0.00197824001210578
2024-06-02 14:00:00,0.00126845001645925,0.00260717923978859,0.00308880554458646,0.000997838100422754,6.0366424213143e-05,0.00209552159106119,-0.000125572926642059,0.00176991196645848,0.00200330341233412,0.00300969347756119,0.00501393808059802,0.00492854620114902
2024-06-02 15:00:00,-0.00161780550609336,-0.0018988063216252,-0.00231570925559821,-0.00016623722089637,-0.00302279415222806,0.000784689869811395,-0.00327044316656933,-0.00332115881492689,-0.00754679586926299,-0.00120279061890649,-0.00417653398420947,-0.00492854620114902
2024-06-02 16:00:00,-0.000565742225123955,-0.00195780635464082,-0.00328979493608639,-0.00366422795059407,-0.00485555700268048,-0.000174322322414877,-0.00517906797755807,-0.00466823121855209,-0.00349402550147193,-0.00301332114950625,-0.00728090586904084,-0.0046692691836836
2024-06-02 17:00:00,-0.00329968234329492,-0.00508497857090262,-0.00661223723804116,-0.00200434341362854,-0.0129207884310096,-0.00296813836414023,-0.0117839511307094,-0.00895261127211389,-0.00142294244674845,-0.00229621226035004,-0.013012913470773,-0.0106937641302249
2024-06-02 18:00:00,-0.00268689952985746,-0.000336737389119435,0.000585194593897165,0.00100267388079534,0.00504120088898663,0.00227054503274671,-0.000961569355156566,-0.0022507324378791,-0.00219310357104785,0,-0.000569638295095931,0.00343446244863466
2024-06-02 19:00:00,0.000587887453544766,0.00305035704838197,-0.000585194593897165,0.00100166953283321,0.0003065697930138,0.000959065420738092,0.000769329439150424,0.00247552731350265,-0.00313350631591147,0.0026582905939172,-0.000284940876696282,0.000285673477160575
2024-06-02 20:00:00,0.00139044480852846,0.00133953183979862,0.000585194593897165,0.00200033405589828,0.000306475836779008,0.00287168974269259,0.00339080968497551,0.00202088313977233,-0.00209447246274497,0.0016879676059931,0.00142389316382729,0
2024-06-02 21:00:00,-0.000222046374986462,-0.00114919311560335,0.00272638922532875,0.00216252267590633,-0.00331492016262214,8.68922970522767e-05,0.00153168706950879,-0.000448732338694247,0.00099266538786047,0.000963275209945991,-0.00456361316849518,0.000571102242821198
2024-06-02 22:00:00,0.001647953768801,-0.000208845810426794,-0.000583600833605091,0.000498380274457588,0.00405007917386158,-0.000173792145032437,0.00235676404508856,0.00134559338535789,0.00165225570440475,0.000240673888044718,0.000571591898957724,-0.00371800800101374
2024-06-02 23:00:00,-0.00239303922294099,-0.000367568800985651,-0.000778664629571102,0.00132780102495733,-0.000857738074889092,-0.00261051314279026,-0.000509100176453448,0.000672118318121639,-0.00159713650913096,0,-0.00257474037246874,0.00114547549752886
2024-06-03 00:00:00,0.000860832910422715,-0.00196706878934627,0.00136226546317619,0.00298112178380805,-0.00368437628941454,0.000696803442530314,-0.000318319276919832,-0.00291578091516398,-0.00869113389570231,-0.00252996942368533,-0.00286861929359716,-0.00257916749937759
2024-06-03 01:00:00,0.00956749777925303,0.00798451163662328,0.00678362907606667,0.00330196766908486,0.0123503648573768,-0.00043544524964112,0.0149780030151216,0.0122783102952128,0.00979288027498271,0.00924542816625795,0.0111413807807037,0.0131130727337623
2024-06-03 02:00:00,-0.000875580230074391,0.00122961495444507,-0.00115964450567996,0.0019759598064244,-0.00273814403330608,-0.00462741472684369,0.00438130512459578,0.000887114717747717,-0.000440552901006974,-0.00131555361914248,-0.000568343294639284,0.00452105884523535
2024-06-03 03:00:00,-0.000486407465087879,-0.00234230007285419,-0.000967398740435721,0.000328947371387223,-0.00323456996790572,-0.00781906026246482,-0.00237604063513008,-0.00244146164998482,-0.00474824213660563,-0.00275630829424944,-0.00284657180542958,-0.00282326556814128
2024-06-03 04:00:00,0.00185824276088198,0.0047393764741237,0.00135409634772932,0.00606608959073895,0.000977576909281019,-0.00326869852409839,0.00193877292662914,0.000222197534521573,0.00248735722306304,0.0015588467692913,0.00142429877375338,0.00211819608959174
2024-06-03 05:00:00,0.00276947921349446,-0.00079926105367889,0.000386548130054676,0.00195950421940871,0.00548113430701225,0.000442340875085545,0.00205973296301054,0.00133214939771553,-0.000607449558950091,0.0038268403554822,0.00963180250779461,0.00197294314279217
2024-06-03 06:00:00,0.00492149401069675,0.00308868426891706,0.00501157563950272,0.0243344535241237,0.00527002461491488,0.00291455273660368,0.0065256127905553,0.00839598392093099,0.0102767920089675,0.00262248332442461,0.0156646559744713,0.00757366874078769
2024-06-03 07:00:00,-0.001917277566859,-0.00221869972702038,0.0019208611361422,-0.00318928670907059,-0.0010275940094866,-0.000617529021432528,0.000804978525774436,-0.00242317554410487,-0.00873128195910233,-0.00250313021811799,-0.00445063321581074,-0.00349919875556659
2024-06-03 08:00:00,0.00341689983055105,0.00181352657530809,0.000191883335521115,0.00207419300531342,0.00229551870765121,0.00281988202367156,0.00123716457694889,0.00462097862658439,-0.000772456449797954,0.00143112725678307,0.00694543700459338,0.000840925067074672
2024-06-03 09:00:00,-0.00184818198110648,-0.00228511100289985,-0.00288212323629378,0.00381801291034645,-0.00344525711756294,0.00123120233651397,-0.000556534658646024,-0.0037391443542717,-0.00536847181368216,-0.00322292132154534,-0.00416147084125207,-0.00407103812062259
2024-06-03 10:00:00,-0.00154999705850401,-0.00173367315825956,0,0.00126943844403638,-0.002242764995251,-0.00114320902394915,0.00117454345404067,-0.00331089586194389,-0.00316816539349318,-0.00143575042610422,-0.00306278953054573,0.000843644594469728
2024-06-03 11:00:00,0.00249311681539588,-0.0001076340077244,-0.00154053564070233,0.000792581479233334,0.000242703720625848,0.000967415756378376,-0.00142199164583845,0.00242906158963119,-0.00050115545220164,0.000598479879015734,-0.000557880070256811,0.000562034579920434
2024-06-03 12:00:00,0.00959811578302272,0.00831138711049206,0.00518982423874914,0.00237398228135444,0.0108611458072678,-0.000263747858577634,0.00499893039637977,0.00440141555621065,0.0154202077225705,0.00382181284485839,0.00971824946892141,0.00713838848979287
2024-06-03 13:00:00,0.00070387630048252,-0.0045798439400393,-0.000383509113041747,0.00189513638527128,-0.00282460598267509,0,-0.00129362139578948,-0.0024183808642817,-0.00798440408139856,-0.00250641654159001,-0.00693195622023834,-0.00153534819748113
2024-06-03 14:00:00,-0.0147122530902912,-0.01417708719638,-0.00654225923991825,-0.0128624242525017,-0.0170560415207781,-0.00422945383320972,-0.0169711591974084,-0.0101770789886959,-0.012013492648824,-0.0086414363953411,-0.0185346502168224,-0.0154845436223092
2024-06-03 15:00:00,0.0121290912031373,0.00724273080871107,0.00730913044314507,0.00335062140353504,0.00901950169618537,0.000264865582266349,0.0114700172839293,0.00709065678550658,0.00441058136208827,0.00457006207303578,0.0101523714640184,0.0121264881370611
2024-06-03 16:00:00,-0.00771854067699529,-0.00713927196733266,-0.00480262185235492,-0.00960314678320007,-0.00370764746262164,-0.00159024682333486,-0.0088402493166837,-0.00553527373668761,-0.0150986507053204,-0.00336538779170059,-0.00817021026002696,-0.00773834322317124
2024-06-03 17:00:00,0.00273149977431863,0.00275231597279912,0.00269230931858022,0.000964475239528362,0.00685744714715852,0.00291352344887663,0.00399401429593804,0.00354610300675051,-0.000848680353069398,0.00276525574464248,0.0064852898951071,0.00366558989320676
2024-06-03 18:00:00,0.000280605769646058,-0.000381004798917672,-0.00230724962957152,0.00384862566129485,0.00458578007518451,0.00114542503381898,-0.00068533693221684,0.00353357258131115,0.00361602744430822,-0.000840790392454771,0.00224593019730523,0.0018277685229009
2024-06-03 19:00:00,-0.00121898392052167,-0.00141946169042484,0.00422589948906515,0.000959846498264305,0.00492434336431114,0.00123206915171981,-0.00180905198895553,0.0189982785806374,-0.000394866737608357,0,0.00363891234294034,-0.0029542118974315
2024-06-03 20:00:00,-0.00148540994078061,-0.000434715771653771,-0.000958864777657054,-0.000639795287339595,-0.00818049674777743,0.000263817439862812,-0.0070804518990859,-0.00433558017098401,-0.00350421429063275,-0.00120235676382308,-0.0011182556379179,-0.00381114160220086
2024-06-03 21:00:00,-0.000291064460673951,0.000447966333146255,0.00134215339867749,0.00159872136369721,-6.03992389880403e-05,0.000527426172564294,-0.001825220005095,-0.00130434801101342,-0.00141647095838282,-0.00204733015451808,-0.00280112227971152,-0.00297429579792641
2024-06-03 22:00:00,-0.000559788169697484,0.00134004967113199,-0.00153403673419861,0.00318979536810016,-0.000664632512910046,-8.78850464158809e-05,-0.00233357615909502,-0.00174178141139458,-0.00249787243131872,0.00168634104043619,-0.00873367996875452,-0.00156150219818274
2024-06-03 23:00:00,-0.00337477191393099,-0.00303489565094139,-0.00230547652549884,-0.00255102179160538,-0.00339044945474498,-0.00352175042634384,-0.000126294518985715,-0.00349269073677827,0.00204417764669751,-0.00325477955946862,-0.00881062968215529,-0.00427107710780694
2024-06-04 00:00:00,0.00277930923488689,-0.0018945161698305,-0.000962186161022061,0.00414211202384784,0.00242292201638517,0.00281839186033261,0.00233387055191381,0.00305677093911683,-0.00215786568683773,0.00132730034569129,-0.00400458201071263,-0.00357321898088658
2024-06-04 01:00:00,0.00309644204604709,0.00390997221238898,0.00441841079969907,0.00396668509010478,0.00711360607665767,0.00316122497190241,0.00446331088271124,0.00348204922006945,-0.000284276659958227,0.00132554095446569,0.00429001086950809,0.00457143653258085
2024-06-04 02:00:00,-0.00109616600824758,-0.000840163576517838,-0.00153462527720116,-0.00476191376024371,-0.00180375229279761,-0.001052631676143,-0.00163214097751085,-0.000434593661772786,-0.00142259676309298,-0.00229067554500606,-0.00371694495124597,-0.00128360568148511
2024-06-04 03:00:00,0.000443207968167769,0.000535453955802012,0.00115118968968109,0.00934364229033591,0.00180375229279761,0.00324206198543742,0.00150668620379224,0.00195418583522566,0.00579152197958877,-0.00132858283930659,0.00114514756287454,0.00313479880537137
2024-06-04 04:00:00,-0.00157706557338244,-0.00239055249086206,-0.00191938638580358,-0.00616651491566333,-0.00168340086648744,-0.00966955494766886,-0.00768265743506724,-0.0052196725728445,-0.00516533005977315,-0.00788695467309086,-0.000572409861078871,-0.00442005424827197
2024-06-04 05:00:00,-0.00152459255093085,-0.000664319429199978,-0.00134576584763346,0.00158478638557114,-0.00500679676591886,-0.000176678445689582,-0.00151831496239385,-0.00240148570822807,0.00352213055130202,-0.000731172345516562,-0.00344135699539283,0.00214117560927707
2024-06-04 06:00:00,-0.000733780269079887,0.000358787302777941,-0.00250409453780809,-0.00523935468599923,0.00157109223204088,0.000883080241068868,-0.000189951562922675,-0.00350339749618023,-0.000794236156801631,0,-0.002300835067365,-0.00128415513116797
2024-06-04 07:00:00,0.00156903653777718,0.00301668958304724,0.00365771896876821,0.000636537258920988,-0.00229704507699058,-0.000353138522254159,0.00202429218923039,0.0017532329715575,0.00215431797135723,0.000487507626962369,0.00201352002444599,0
2024-06-04 08:00:00,-0.00256931271712979,-0.00361208116361844,-0.000576645859323377,-0.00127347995561422,-0.00205973296301032,0.0001765848494788,-0.00494141011808069,-0.00813459470791922,-0.00317640652777085,-0.00488580427143592,-0.00258955690673357,-0.00343249764932407
2024-06-04 09:00:00,-0.00172469913958118,-0.0032116520463692,0,-0.00303103047719766,-0.00163869790562288,0.000176553672775359,-0.000953076921907714,0.000882612590394571,-0.00364257659445588,-0.00441772715043864,-0.00375234961855053,-0.00445115244209093
2024-06-04 10:00:00,0.0025106005851292,0.00448174654419553,0.00823365111051799,0.0233707147143205,0.00448485600217463,0.00273260340165349,0.00778854657459616,0.00681396196159456,0.00528876094145891,0.00515212130829212,0.00892477494353816,0.0073123847231229
2024-06-04 11:00:00,0.000945834680324609,-0.000329325655586743,-0.0032470661706685,0.00808336439345059,0.000846228290344087,0.00114371190930207,-0.00107285990537509,-0.00109589052063708,0.000340251789604729,0.00110058097321453,-0.000573394511123038,0.00114220457877701
2024-06-04 12:00:00,-0.000134732960997752,-0.00023643770839854,0.00191131556656587,0.000928505173485306,0.00126800125675253,0.000527426172564294,0.00195552814249478,-0.00131665588474683,0.00661187455790024,-0.00207989308477874,0.000286738353219462,-0.00242874610424226
2024-06-04 13:00:00,0.00839769353902398,0.00324679054836707,0.006850645250982,0.00478359063555622,0.00259137759140149,0.00245765067088932,0.00232902254902378,0.00306950471216116,-0.00107075442054283,0.00561799230422366,0.00257695203450536,0.00513626468021266
2024-06-04 14:00:00,0.0017746873664688,0.000529520796064276,-0.00113852004708059,0.0199656102467127,-0.00108394566797543,0.000262961828223052,0.00263719856472777,0.000875273578855085,-0.00276672207204154,0.00304007043889154,0.00655553152876687,0.00963043840194522
2024-06-04 15:00:00,0.0113281708305699,0.00859976072047886,0.00530203855211753,0.000452591091681498,0.01162107243875,0.00148881229059272,0.00500407624560317,0.00827711107599305,0.00558203924687506,0.00436152860052985,0.0171811014062899,0.0100968463997764
2024-06-04 16:00:00,0.00502673719443436,0.0021155207625636,-0.00302629321189041,0.00286166322254644,0.00865754933165253,-0.000437655921905478,0.00497916009710364,0.000650547567126236,0,0.00289715316115302,0.00334541711508596,0.00222996608088222
2024-06-04 17:00:00,-0.00333890126551317,-0.00134429226758037,-0.000947597910384346,0.00525014331282936,-0.00124065829874187,-0.00105115636868724,-0.000186271771051683,0.00562042119392314,-0.00242069530202338,0.000241050983450286,0.000278280229985661,-0.00209044742003517
2024-06-04 18:00:00,0.00183593622098854,-0.000472110104842827,-0.00227790531299399,-0.000898069211683783,0.0041295557475749,0.00157632049454293,0.000558711253941579,0.000215540468557318,0.000225428314750697,0.00240731941004313,0.000278202811642814,0.00445435034938035
2024-06-04 19:00:00,-0.00382760139453353,-0.00299258645726397,0.00189861458210516,0.00478040946212754,-0.00229864834658233,0.000612343106217494,-0.00254777207879853,-0.00194153873954905,-0.00497119993375517,0.00120148999194836,-0.00753877645524703,-0.00125078190165273
2024-06-04 20:00:00,-0.000296961599337564,0.00167211808986068,-0.00246890259299892,0.00148920355146753,-0.000118021952220104,-0.000174916914911449,0.000932864895537566,-0.00367766774705303,0.00209317531803599,0.00239865790228677,0.0016802020194735,0.00416320334868781
2024-06-04 21:00:00,0.00308191783896206,0.00163785582539333,-0.00133193816665744,0.00312012733624378,0.00123853632652793,-0.000787504962604491,-0.0018043246456787,-0.00151827379778191,-0.00294300965149796,-0.00107868411010603,0.00390952745931328,-0.00402415029972558
2024-06-04 22:00:00,-0.000831554935142975,0.000369721153179015,0.000380734822798323,0.0122375283180762,0.00675539327038077,0.00183654780730169,0.0039156021313691,0.00260134549468838,0.00339501259721242,0.000839077064512139,0,0.000417043170012121
2024-06-04 23:00:00,-0.000332532150318698,-0.00109120203047119,0.000570830573962788,0.00482421811284883,0.005662760688109,8.73705823805082e-05,0.000930030758049316,-0.000866363493652766,0.000734069317810615,0.00227395226942662,0.00500418058457575,-0.00250487189139648
2024-06-05 00:00:00,0.00337065676630743,0.00249280270424457,-0.000190240655001506,0.013039883408517,0.00151241957745718,0.00113512345740041,0.0029085078828377,0.00302899409431789,0.00557261299684786,0.000955908783507375,0.00332226219197773,0.0029217412089042
2024-06-05 01:00:00,0.00296694049501056,0.000748461893479657,0.000950841566360827,0.0144339769231339,0.00677772326665327,0.000697897611856124,0.00486978925089732,0.00237350418903048,0.0014023280940636,0.00298133903970665,0.00496278934212935,0.00360560645784536
2024-06-05 02:00:00,-0.00209188546578076,-0.00499334909343396,-0.00133143148532211,-0.00983824859886351,0.00115400162826873,-0.00139628262496494,0.00104483584072712,-0.00410323435003457,-0.00471964018007442,-0.004295949327628,-0.00413394553172841,-0.0038835000263977
2024-06-05 03:00:00,0.00154627928689521,0.00180982212543945,0.000570830573962788,0.00728106578755927,-0.00254056375462586,0.000523834480286478,0.00135052199777985,0.00172973016100408,-0.0023681995843976,0.0035812381596223,0.00275786164869452,0.00235963743324885
2024-06-05 04:00:00,0.00310943183038859,-0.000170598077904316,-0.000380517508396516,-0.0075676808654741,0.000866826602284654,0.0019183821718709,0.00049064705062829,-0.00129701704304508,0.00927155238229194,0.000595628107430635,-0.00137798009953949,0.00152386259314885
2024-06-05 05:00:00,-0.00237099013136444,-0.00553790554312883,-0.000951927725381885,0.0106922395785238,0.00161606868832553,-0.00392790624158001,-0.00251711462980286,-0.00151531580028996,0.00385184834405372,-0.00190726008465702,-0.000275824026020999,-0.000276893259418376
2024-06-05 06:00:00,0.00167549721491333,0.00681275009820936,0.00228310601456849,0.00551510978623604,0.00345423486808727,-0.00429467332607647,0.00990894400419862,0.00410766981202015,0.00483562624176548,0.00321639445788069,0.00687287928776215,0.00566104376876519
2024-06-05 07:00:00,0.00113758500678252,-0.00133259203586356,0.00151917993517003,-0.00494805561736911,-0.00328123945203451,0.000790201542500757,-0.0017056534349571,-0.00215982805342996,-0.00416725148144881,-0.00250074557237578,-0.00494370685535328,-0.000413137787326434
2024-06-05 08:00:00,-0.00383360291951007,-0.00178656863540283,0.00397690136872375,-0.0083968329407309,-0.00259807888412844,0.00035100035460367,-0.00568617593943865,-0.00259796638870513,-0.00597550154322857,0.0014297631412159,0.00137570526580477,-0.00607904607638221
2024-06-05 09:00:00,-0.000470731721513573,-0.00139468935513065,-0.0032181759908998,-0.00300579915708088,0.00259807888412844,-8.77385392095142e-05,-0.000981534953963026,-0.00238741296250933,-0.00241146402925496,0.00415850418087782,-0.00247763375196142,-0.00110926245428566
2024-06-05 10:00:00,-0.0013248220711457,-0.000555786049853069,-0.000379290730888826,0.00457666702741211,-0.00508701021848168,0.000526315801623323,-0.00270419930017862,-0.000217320439842572,0.00381080936409095,-0.000711659382425012,0.00275254784304035,-0.00194417503260458
2024-06-05 11:00:00,0.00241768522875496,0.00235273172655504,0.00303030534917914,-0.00157086787033123,0.00173711682362043,0.000350723370539541,0.00043070297543224,0.000868998533938625,0.000950437552328154,-0.00297071099586166,-0.000274914091078937,0.00166666705246921
2024-06-05 12:00:00,-0.000446756624855382,0.00417861334222103,-0.00113528867444479,0.00142816362463716,0.000636187523264553,0.00122656402270893,-0.000861591535852302,-0.00304480444018518,-0.0056600223954133,-0.00250223544320161,-0.00247763375196142,-0.000832986303891836
2024-06-05 13:00:00,-0.00295488252012355,-0.0054279773155308,-0.00189501667473435,-0.00443396278171804,-0.00272109011436061,8.75541742013652e-05,-0.00184877109415726,-0.00130775955865681,-0.00422381164664332,0.000953970976235397,-0.00276014527978719,-0.00292092842766367
2024-06-05 14:00:00,0.00193914284123231,-0.00122457540317811,0.00151630051796403,0.00571756846320337,0.00191132663671567,0.00131239355640833,0.00215656758155136,0.00326619778662118,-0.00520569273811633,0.00166726250363869,-0.00332226219197773,0.00222624274498529
2024-06-05 15:00:00,0.00999685470710965,0.00490768535486374,0.00227014853453911,0.00426682484916441,0.0110485644566953,0.000437082047257231,0.00613611792145763,0.00347222571074901,0.00644652764069553,0.00605019936778994,0.0107572406794962,0.00429929238611715
2024-06-05 16:00:00,-0.00374029157025468,-0.00299905421130298,-0.00132362693050836,-0.00812259542405425,-0.00384163770533075,0.00096090856924258,-0.00588994892519956,-0.00130067219724117,-0.00253971973858746,0.00189058309887002,0.00328677370662245,0.00124472735799874
2024-06-05 17:00:00,0.00442432691370698,0.0101451984820571,-0.000946521604030748,0.00300021655150662,0.00389886394930183,0.00122164064058783,0.00705156676131868,0.0038969523228729,0.00950486613544888,-0.000236127509952055,0.00490999349755583,0.0063378553291269
2024-06-05 18:00:00,-0.00745727126403573,0.00131912238961185,-0.00303490369515413,-0.0159612274825269,-0.0089093849855848,0.000174398326218128,-0.00348890943040914,-0.00498213962415994,-0.00330801232389355,0.000944175686806936,-0.0024519832472869,-0.00537080406912449
2024-06-05 19:00:00,0.00257261228597727,0.00790935604340604,0.00208748533911418,0.00246109425707264,-0.00132882707250292,8.71877588939363e-05,0.00336669739237117,0.00519819234186325,0.00353188874504484,0.00212114149762677,0.00163532334073091,0.00385888020197833
2024-06-05 20:00:00,-0.00117816372414836,-0.00326855517384317,-0.0011380881349814,0.00231080403231498,0.00225218817227191,-0.00130861523582038,0.000794111400578057,0,-0.00386891059848482,-0.00106000834376196,-0.00163532334073091,0.00178657369035018
2024-06-05 21:00:00,-0.00080936143275423,-0.00415989728146293,-0.000949397204132785,0.00474923537840954,-0.00126984144047615,0.000436395381134602,-0.00152769744643622,-0.0032457022975716,-0.00309467119957985,0.000589032237092724,-0.00410004674401332,-0.00440347484632242
2024-06-05 22:00:00,9.05236371337992e-05,0.000755980661077515,-0.00152091284070666,-0.00100553050201846,0.000231000232028045,-0.00139713609872949,-0.00508875749426063,-0.00325627119377514,-0.00270865240941198,0.00117702461799585,-0.00494234943443495,-0.0037305742747713
2024-06-05 23:00:00,-0.000518232123065232,0.00394726271415635,0.000380445125380158,0.00430231554205918,0.00207660434568791,0.00130987225644708,0.00349747250213084,0.00303951601789676,0.00248321138946395,0.00504547858261706,0.00658438592817934,0.0037305742747713
2024-06-06 00:00:00,-0.00126563716753658,-0.00177343340378933,-0.00209424160311467,0.00114416488454605,0.000691244267155611,0.000697897611856124,-0.00398932618557879,-0.000867490837312301,-0.00146660676107624,-0.00457505637001443,-0.00191597157284384,-0.0013800719827719
2024-06-06 01:00:00,0.00149062170079972,0.000520705840173719,0.00133320655877323,0.00285469791352622,-0.000460776416399966,-0.000523377541604919,0.00208870944593964,0.000433839486197352,0.000620749998770709,-0.000588062351553731,0.00109529036141476,-0.000967184876777605
2024-06-06 02:00:00,0.000506030203931473,0.00190952335477235,0.00266109261768666,-0.00385577057488984,0.00419673501067486,-0.00375890997249462,0.00226806116780431,-0.00151926236493238,-0.000959503389544203,0.00047047754337548,-0.000547495223092831,0.00179545659723823
2024-06-06 03:00:00,-0.00154700825452458,-0.00176967842703135,-0.00247077955212038,-0.0032963125511829,-0.00264246477290353,0.0002627085264022,-0.00497192811345792,-0.00173913087312683,-0.00543571917650354,-0.000352837404424378,-0.00439078641748969,-0.00567357780124289
2024-06-06 04:00:00,6.36151475212898e-05,0.00021231972322866,0.000570721978775168,0.0048689771115038,-0.00126626009782349,-0.000613093953953481,0.000553658775793053,0.00130463162666483,-0.010444406218229,0.000470422212602628,-0.000550206341253023,0.000693625608721105
2024-06-06 05:00:00,-0.00224121310606229,-0.00402360744711849,-0.00323840648766027,-0.00357782134788387,-0.00728326918974709,0.000700648128154846,-0.00443787710604537,-0.00391901220073576,-0.00264261657780107,-0.00424178790836294,-0.00441258300087632,-0.00542308219173626
2024-06-06 06:00:00,-0.000105230907175624,-0.00019757605442372,-0.00229226461403564,0.00186206456438054,-0.00261407683204507,0.0012249542173941,-0.000927041875977697,0.000872219854685885,-0.000575407116399695,-0.00141793713937677,0,-0.000976494462751054
2024-06-06 07:00:00,0.00188120001815939,0.00152240642315604,0.00362699643579445,0.00826568764723667,0.00394752631507256,0.00340448148654371,0.00247020443029067,0.000653665999960751,0.00585367525146063,0.00495400871640417,0.00468772401237949,0.00125531782995569
2024-06-06 08:00:00,-0.00165523522369781,-0.0015406061811003,-0.00286232425171728,0.000283808714831579,0.00237261764610341,-0.00017430712960298,-0.0016667184944219,-0.00218055036247988,-0.00833170562195118,0.00211565664245494,0.00985499352921471,0.000139382535593757
2024-06-06 09:00:00,0.00105537752930296,0.00114853535406567,0.00114591303601197,0.00311659127460384,-0.00104094388302922,0.000697046294668713,0.00154335308592613,0,0.00420325939119559,0.000352174682280548,0.000816882278236619,0.0037560035809987
2024-06-06 10:00:00,0.000128480671161668,-2.07762527431044e-05,0.00228789422963949,0.00155466076115474,-0.000520878560261728,0.00339116015607033,0.000616674908541226,-0.000218316778511474,-0.00230096742108676,0.00328099661567638,0.00027214587186597,-0.000138859959953663
2024-06-06 11:00:00,0.00256067314749231,-0.000259739586553564,0.00209264796237873,-0.00438752384545893,0.00196634150454411,-0.00304281912668358,0.00712577497639399,0.00239886714099136,-5.75920753460579e-05,-0.00163915269109261,0.00135961951603969,0.00291201758853621
2024-06-06 12:00:00,0.000241083731541636,-0.000966823980810716,-0.00038015586848239,0.00198384647748107,-0.000809201824399253,0.000957312635662344,-0.000306100587042169,0,0.000748438389523987,-0.00281624218052556,-0.00217627942259568,-0.00180167743282444
2024-06-06 13:00:00,-0.000900567595488511,-0.00278874839466958,0.00038015586848239,0.0187917463551805,-0.00196793488295732,0.000347886592480417,-0.00349618536269625,0.00217580590624655,0,0.000939628915738844,-0.00108991836402561,0.00235538730300688
2024-06-06 14:00:00,0.0047897644557473,0.00242464768039064,0.00265705223696711,-0.00781036048458272,0.00381657781266664,-0.00121813292709927,0.00569802111463757,0.00282148857823028,0.00619623324954333,0.00398360222172212,0.00543775130012891,0.00730785741067241
2024-06-06 15:00:00,-0.00230547499136158,0.000161260956989651,-0.00227704083205205,-0.0150951586059041,-0.0015595671031079,0.000261153429122807,-0.0039790692517534,-0.00238689491645749,-0.00125908561245236,0.000818187176728991,0,-0.00399202126953746
2024-06-06 16:00:00,-0.00493572307804158,-0.00374692320742298,-0.00209185205119156,-0.00113781835629201,-0.00806760230502412,-8.70435653594903e-05,-0.00658484178760266,-0.00348204922006945,-0.00660751060934395,-0.0035112395625001,-0.00734797155624811,-0.00359265275189902
2024-06-06 17:00:00,0.00210296284553202,0.000683726807325868,0.00114155263538274,0.00355139232556301,0.00145581624198066,-8.70511426009912e-05,-0.00123563589179909,-0.000218031179322176,0.0020731363601314,0.00316066988318653,-0.000546448101029551,0.000553556615297657
2024-06-06 18:00:00,-0.000327909650676972,-4.69586450950743e-05,-0.00419207930985643,0.00240776265319376,-0.00425693852169218,-0.000174125022205818,-0.00228995922443009,-0.000872600404408952,-0.000345224399286082,0.00245141078812505,-0.00218878336356987,-0.00152301863984583
2024-06-06 19:00:00,-0.00841391203066522,-0.0110335743321173,-0.007090189709969,-0.00127397568366661,-0.0117565426522228,-0.00217912485446803,-0.0103389062458656,-0.00920857197804714,-0.00733534926274837,-0.00995965816727473,-0.0126793319365874,-0.012969988662721
2024-06-06 20:00:00,0.00340681422569489,0.00246332473004429,0.00211315033969584,0.00127397568366661,0.00783347646198429,0.00122089489308585,0.00711169560035119,0.00680498729635071,0.00825568294864754,0.00105925979421251,0.00387597384469318,0.00308339417380288
2024-06-06 21:00:00,0.000289833518829496,0.000276251453721343,-0.00115207386014549,0.000565690865035329,-0.00135028053509689,-0.00104639005013363,-0.00199116486669371,-0.00219010162004396,-0.000862788009002191,-0.0061357124645145,-0.00332134266020345,-0.00364503417733353
2024-06-06 22:00:00,0.00226628560177389,0.00276357201842892,0.00268611059434409,0.00620157026328183,0.00193679081584008,0.00148206295381392,-0.000373785202458121,0.00175246485157099,-0.00236209241326346,0,-0.000554631184489729,0.00224466985382388
2024-06-06 23:00:00,-0.00143895507731884,0.000401290955750255,-0.000766724208540515,-0.000702790105530759,-0.00234810791774009,0,-0.00205831976615434,0.00284122145016941,-0.00514675127716391,-0.00355703481518077,-0.00444815857144221,0.0011204482964895
2024-06-07 00:00:00,0.00118561206970469,-0.00134876650315619,-0.000383582666766857,-0.00719681367739344,0.000646279508996095,-0.000174246384828436,0.00187137475859944,0.00500708567596642,0.00231642447799807,-0.00154531977260142,0.00111389596591138,-0.00196160914799326
2024-06-07 01:00:00,-0.000607381767274262,-0.000614633012533616,0.00172496449096826,-0.00383115048241933,-0.000587509563929167,-0.000522921399400467,-0.000249314386731259,-0.00413448527155746,0.000982857882722676,0.00261375935901764,-0.000556792887435709,-0.00421645037893481
2024-06-07 02:00:00,-0.000224898209097546,-0.00138825370542328,-0.00057465761566089,-0.00241975778163894,-0.00152914221409528,-0.00078489516958502,-0.0006859352371964,-0.00043620502327435,0.00155902679035558,-0.0022569350911823,-0.0058651194523982,-0.000704473435263919
2024-06-07 03:00:00,0.0023354584952866,0.00147232838480704,0.00153168706950868,0.00341442926684454,0.00393574097489502,-0.00700405594861353,0.00423281055262059,-0.000436395381134602,0.00224764524212295,0.00118849550476607,0.00447177939139332,0.000563618445243108
2024-06-07 04:00:00,0.00333070661360324,0.00246916621229687,0.00343774211747561,0.00481723799230505,0.00869748354042077,0.00149247207370928,0.00316289140850845,0.00652601837550881,0.00459480447694816,0.00403035159126386,0.00334076034540054,0.00869570696755373
2024-06-07 05:00:00,0.000899260444196415,0.000670685565317797,-0.00076292202823125,0.00183576977347855,-5.81209497125812e-05,0.00035084642057992,0.00148496500496487,0.00151662904165573,0.00377488437277584,-0.000591680982885201,0.00083344913839678,0.000977039647826583
2024-06-07 06:00:00,-0.000349335669532991,-0.000330046838213249,-0.0021010417431977,-0.00466662799800233,0.00151004791151799,-0.00035084642057992,-0.000618467457403238,0.000216473645179183,0.00136915989213282,-0.00272625072548038,0.000555247099217837,0.00167270738750358
2024-06-07 07:00:00,-0.00218717185683737,-0.000183406434413058,0.00457841318651653,-0.0109742425401951,-0.00174256549670826,8.77231458082939e-05,-0.00415362799213481,-0.000866175887849097,-0.00245440917757023,-0.00261469129234371,-0.00111080266906249,-0.00376753393388607
2024-06-07 08:00:00,0.000101246456461368,-0.00135300631852964,-0.00247737144331883,0.00585841498370154,0.000639293312099554,0.00105207795080364,-0.000807930189064665,0.00604753462984664,-0.000914808525776412,-0.00202513619751077,0.000277816365170658,-0.00223932913731662
2024-06-07 09:00:00,0.00259613890499999,0.000209888366395461,0.000190785081185418,0.00227693281806829,-0.00267613168032543,0.00376088255420548,0.00235980982638151,0.00601118169028092,-0.000343269069106977,0.00285782523628608,0,0.000140105079038388
2024-06-07 10:00:00,0.00105565317211109,-0.000301728381154831,0.00456795617290295,-0.00170721338946933,-0.0013407562706842,-0.000436585905210229,-0.00385309034279358,0.0243166648844461,-0.000171678732288072,0.00166330084681743,0.00166527931906124,0.00934260438351675
2024-06-07 11:00:00,0.00450959570655307,0.00633029396873219,0.00132839947421515,0.00454610812789458,0.00448157197424059,0.000698445986137219,0.00354290702196547,0.0108041774008094,0.00769651186725939,0.00225292085568896,0.00718433595792156,0.00774233094662446
2024-06-07 12:00:00,-0.0065191121671706,-0.00714935503456715,-0.00341945621941841,0.00297219099276092,-0.00599937728605759,-0.00122260079852188,-0.00697344211875484,-0.0105953001154547,-0.0093002695854234,-0.00641637182320576,-0.00496826856901045,-0.0144266616416493
2024-06-07 13:00:00,0.00420975276586866,0.00192058495176717,0.000380517508396516,-0.00510060612758778,0.00145947076316411,0.00226935595341526,0.0014984082219176,0.0163649431555906,0.00577292906745486,0.00178645911859654,0.0118279469972076,0.00973311354438366
2024-06-07 14:00:00,-0.00145013991715182,0.00191167093688804,0.00228006938983793,-0.00099481284406977,-0.000175024066256135,0.00278600215028302,0.00634330485190682,0.000410846349246596,0.00562645342104107,-0.00214413423418325,0.00273074992194466,0.00372902855986634
2024-06-07 15:00:00,-0.00448147856778824,-0.00565918212766192,-0.00570995080106607,-0.00327565627938231,-0.00726126045756548,-0.000434801519959116,-0.00840419551107896,-0.0167757895048372,-0.00312189837776655,-0.0035838050542516,-0.0106923568362984,-0.00511368677057433
2024-06-07 16:00:00,-0.00335345573599,-0.00441414506563653,-0.00689525811791625,-0.0044320610114843,-0.0087362576769916,-0.0011313695127857,-0.00589380350528002,-0.0062853758149608,-0.00885087862185241,-0.00131728658052044,-0.0110865880563407,-0.0117074507942352
2024-06-07 17:00:00,-0.0152107334028511,-0.0159672227321206,-0.0137399355547765,-0.017489785994286,-0.0198192278964102,-0.00183030512594495,-0.0193021865709855,-0.0175982491401155,-0.0230335365069654,-0.0126622131924181,-0.0222638475954717,-0.0219695605313186
2024-06-07 18:00:00,-0.00934332142189831,-0.0119778410201015,-0.0452403537360636,-0.0111438103372814,-0.0262237793902598,-0.0146757763819862,-0.0592271822264772,-0.0457360093226843,-0.0516084292029779,-0.041504873259945,-0.0532600995647381,-0.0645194136483902
2024-06-07 19:00:00,0.00145322493849065,0.00207952207941808,0.00569222923427481,0.00441371909699484,0.00575692573907371,-0.00265934027836412,0.00812957529294889,0.00558224068763491,0.00603821920870207,0.00492145608143613,0.00539569654385197,0.00776555101497034
2024-06-07 20:00:00,0.000764850738040224,0.00109232308384932,0.0170841256926294,0.00439432375497084,0.00437287057792268,0.000443714787419225,0.00417452801224338,0.00466512009015674,0.00471886887602313,0.00739954464203763,0.00268696982082517,0.00800668980124009
2024-06-07 21:00:00,-0.000836905893331519,0.000571435550986266,-0.00579595906533026,-0.00424753476388151,-0.000922254054117388,-0.00115406821810637,0.00087309854768991,-0.00199667287632321,0,-0.000249937516922039,0.00208488534195173,-0.00331575284944408
2024-06-07 22:00:00,0.00358907450625345,0.000419566985963016,0.00380114491889716,0.00541610048260299,0.00319351742269447,0.000621586842372679,-0.00228510079943378,0.00177501710682437,-0.000550408233324973,0.00399152332368846,0.00089219336773283,0.00602048778158304
2024-06-07 23:00:00,-0.00206547065751828,-0.00454066622407012,-0.00340034331032535,-0.0014609206396754,-0.0036241938990349,0.000266276129918364,-0.00282999986733667,-0.0042208215500622,-0.00177560126246279,-0.00249283439574199,-0.00387193335552816,-0.000750581736056244
2024-06-08 00:00:00,0.000661587791531915,0.00209115896495149,-0.00120288707367044,-0.00190239319831509,-0.00203283403850918,-8.87508320972508e-05,-0.0012153130926662,-0.00939394069804778,-0.0025771628671647,0.00187020813815852,-0.00358744779365594,-0.00165326557533829
2024-06-08 01:00:00,0.000918146417026477,0.00133388298960213,0.00240432894826625,0.00307130040329717,0.00535040174313206,0.00133043613575579,0.00343955827212095,0.00358905723981717,0.00159616953282216,0.00161802263192001,0.00835077921742,0.00285392608277601
2024-06-08 02:00:00,-0.000621222858399051,-0.000807708509942273,0.00120000014400001,-0.00453714645879266,-0.00221048843539062,8.86328385245605e-05,-0.00222424517945474,0.000223888952015527,-0.00257969555260118,0.000124354909069702,-0.00416667269484616,-0.00601777052983321
2024-06-08 03:00:00,0.000142451671280241,0.000552998403890115,-0.000199900050640745,0.00043997947472274,0.000122933185967788,-0.00284015456737441,0.0033008888471453,0.000447627581332877,0.0023342967783635,-0.0012442455257089,0.00208550649102168,0
2024-06-08 04:00:00,-0.00166156514037752,-0.00239038857904816,-0.00180090093695495,0.00131877812358105,-0.00412651095208272,0.000799609122609457,-0.00458376266003446,-0.00426057377316558,0.00165527426446665,-0.00124579560151172,0.000595061011310793,-0.00256855924249488
2024-06-08 05:00:00,4.70293873160443e-05,-0.000149419370188753,0.000200260339109248,0.00554907965958762,0.00209617832611375,0.000798970258668152,-6.75652849824182e-05,-0.00157427222437756,0.0037906624015922,0.00199252867914801,-0.000297486243455047,0.00317196852313573
2024-06-08 06:00:00,0.000194153135216979,0.001181161830214,0,0.00450418487610982,0.00135401300844062,0.00106430165257088,-0.0016229378731305,-0.000225098481535735,-0.00495519932336785,-0.00299028381305622,-0.00357675493090115,-0.00226466466534059
2024-06-08 07:00:00,0.00358131378096438,0.00648909427047606,0.00180054064848645,0.0070783971960946,0.00619272956118344,0.00274421453143381,0.0039176004174275,0.00337116849218311,0.00104201793117875,0.000499002006362659,0.0038742411743562,0.00135941415089591
2024-06-08 08:00:00,-0.00209727378152991,-0.00351928065448526,-0.00160032040555114,-0.00230580877489661,-0.00625423585022045,0.0012368585373963,-0.00412065297489517,-0.00810997912031253,-0.00602189358174421,-0.00374859866674715,-0.00686467402490631,-0.00529702335787019
2024-06-08 09:00:00,9.82145262380385e-05,-0.000749750005685001,-0.00240529280124924,-0.000721656955617433,-0.00166210140144773,0.00185242411723907,-0.00203279647178833,-0.00135808078818289,-0.00624441733523451,0.00187605583134065,-0.0029994023686295,-0.0042579139755059
2024-06-08 10:00:00,0.000146295835783405,0.000403364989868038,-0.00180777391805465,-0.00579208106389828,-0.00185002519465183,-0.00361983355575335,-0.000882163393143953,-0.00294885095165343,-0.00354136619372092,0.000124945336577476,-0.00542170002777898,-0.0022885050799557
2024-06-08 11:00:00,-0.00126019930475074,-0.00312830638161898,-0.00787167249576803,-0.00699507369922259,-0.00948873750870138,-0.00194776511334904,-0.0118142528920149,-0.0123430138453068,-0.0122109285186811,-0.00739861673280728,-0.0124602736559467,-0.016012659302449
2024-06-08 12:00:00,-8.23204565705282e-05,-0.0001493406612596,0.00161976143937736,0,-0.00355816724227509,0.00123992576332021,0.000618068213199541,0.00252670399729249,-0.00214443475429649,-0.000503588075605244,-0.00613498856751615,-0.00435527208890552
2024-06-08 13:00:00,0.00100554644094686,0.00127004131136488,-0.000404694461209387,0.000730940753251197,0.00349585223991777,0.0039750946738355,0.00233148291856722,0.00137551603530994,0.00283723906479727,0.00414703704608943,0.00276540351377852,0.00606109556217027
2024-06-08 14:00:00,0.000456326804719964,0.00237022460141034,0.0028294279183384,0.00364671106486902,0.00435269932335824,0.00184965041503604,0.0051238369998694,0.00365881954019587,0.00326859301628168,0.0012532900499993,0.00275777714233172,0.00309406187428274
2024-06-08 15:00:00,-0.000456182774771108,-0.00213430487268162,-0.00465258247985334,-0.000436903815295153,-0.00634883247945961,0.00325060685964118,-0.00293445462559538,-0.0048049514708185,-0.000564954034046661,-0.00464504005112065,-0.00613875469832514,-0.000927213789192249
2024-06-08 16:00:00,-0.000617502927763525,-0.00138920189371383,-0.0018264845260344,-0.00496496347022202,-0.00268859386014597,0.00087673160095969,-0.0070642589993628,-0.0041369859048429,-0.00566716459136885,0.00100616283170751,-0.0021574981400212,-0.00278681090717936
2024-06-08 17:00:00,0.000761234475501027,0.00121565716076688,0.00283975850066231,0.00146284402914887,0.00337521415490372,0.00271299339379416,0.00439530959640688,0.00298953884836617,0.00119907874642644,0.00213474056079832,0.0009252120937564,0.00108468283664886
2024-06-08 18:00:00,0.000214550745962328,0.0004148303254361,-0.00121605203473685,0.00160666068301207,-0.00118627679131844,0.00226975217478653,-0.00157734147849542,-0.00252902767283181,-0.00100965491002736,0,0.0012322860462648,-0.00636994308011651
2024-06-08 19:00:00,7.37141948388143e-05,-0.0017391002032312,-0.000202819187390291,0.00131262324688031,-0.00137534405275552,0,0.0025362456615603,0.000230176085720957,-0.00214890741270235,-0.00213474056079832,-0.00648650922960625,-0.00327843553340745
2024-06-08 20:00:00,-0.00125734047312598,-0.0023162569655355,-0.000405761823380035,-0.000583175406526415,-0.00382337737373462,0.00200357225437342,-0.00137014476459751,0.00137994502118777,-0.000189831367039428,0.00226017173060899,-0.00186104272076326,-0.00172157488329838
2024-06-08 21:00:00,0.000463763479142898,0.000590448091054796,0.00324149392417095,0,-0.00257805028505231,0.00139142556582472,0.00178082238843924,-0.000919751731888074,0.00151764288646028,0.00112817310618318,0.00248062142707628,0.00109589052063708
2024-06-08 22:00:00,-0.000962354515641195,0.000116959859781218,-0.00202470204822469,-0.00438468986608331,-0.00207985452972892,-0.00191370970025995,-0.00260381125595943,0.002068253064059,0.00258732356495095,0.00212752724014287,-0.00279113221982108,-0.00156592578193471
2024-06-08 23:00:00,-0.00039942701723561,0.00132640072937562,-0.00162271840881878,0,-0.00423608890650939,-0.000522557057701878,0.000891540709877958,0.00275103337188998,0.00383708600994259,-0.000250062516932381,0.00217155351350806,0.00047003526129763
2024-06-09 00:00:00,-0.000602688041464461,-7.87738444092412e-05,0.00263558186014168,-0.00234638617696259,0.00208867445153604,0.000957812777304667,0.00430931957274217,0.000228911526694908,0.00332194984107659,0.000500062518234756,-0.00124031023652416,0.00156519049014214
2024-06-09 01:00:00,0.000235287835334219,0.00026346059718918,0.000607226007930395,0.00132051959618984,0.00309333916684285,-0.000783596748989535,0.00435878916625998,0.00342739967641559,0.00605136130279726,-0.000375023443360156,0.00803465385366264,0.00685788223896666
2024-06-09 02:00:00,-0.00158991880447523,-0.00380654319024209,-0.0042583456825771,-0.011354542102926,-0.00937249594096645,-0.00725559369886719,-0.0119639095800628,-0.00870566781147664,-0.00805574656515207,-0.00375799014233014,-0.0126995666826954,-0.00779670252385034
2024-06-09 03:00:00,0.00122007341208885,0.00162343004243226,0.00203004535814788,0.00103757513199376,0.00387363557870568,0.000964616201424739,0.00185522436143737,0.00206872847022832,0.00544006343964343,0.000250972519826753,0.00528526024346787,0.00608663603638293
2024-06-09 04:00:00,0.000650386249287038,0.000484339253734589,0.000608210865175929,0.000296252409217601,0.00164650787624598,0.00349987232744287,-0.000137306055412623,-0.00368070348825245,-0.0026225428705624,0,0.00154918698682938,-0.00171299582493556
2024-06-09 05:00:00,-0.00015829964568681,0.00125329482015069,0.0010128634513229,0.00546489802585359,0.00542690799948087,0.00078578604471069,0.00363225564680203,0.00276179692232936,0.00237307299275624,0.00112859752402006,0.00247371802087804,0.000934725103108658
2024-06-09 06:00:00,0.00140664645507904,0.00164782474247716,0.000404858305125044,0.00103054849017603,0.00238858621327065,0.00174398369978501,-0.00246575467396148,0.00367057076488075,0.00087287242901013,0.00137766945203932,0,-0.000155726855410654
2024-06-09 07:00:00,-0.0013753308632527,-0.000187177780103909,-0.000404858305125044,0.000441338734636254,-0.00169656643163574,0.00147999852897396,-0.000960548958931717,0.00205879061625624,-0.00162165569125117,-0.000751220769020122,0.00215949490061007,0.000467107832549107
2024-06-09 08:00:00,0.000815159089505357,0.000314655630999638,0.000607226007930395,0.00440270743462978,0.00313952286005126,0.00416703441763033,0.00274198142730575,0.00501482701288947,0.00411138684166401,0.00162693234058953,0.00153964618559277,0.00728967943066849
2024-06-09 09:00:00,0.000257060644877072,0.000783496195120748,0.00121334696382325,-0.00278612981753135,-0.000188093671202871,0.00320027951207402,-0.000205388012908259,0.00136332672786399,-0.00273904553714432,-0.000750562957426482,0.000615195343918185,0.00354801760552514
2024-06-09 10:00:00,-0.000338676441586472,-0.000704847754963822,-0.000404285431017115,-0.00397263819747806,-0.00295142918884839,0.00293179480500871,-0.00377294222220281,0.00520893488957042,-0.00387234260660429,0.000625508245827966,-0.00400555149637194,-0.00138685591224697
2024-06-09 11:00:00,0.000305664498972291,0.00164206763953523,-0.000202204024548958,0.00162038777444984,0.00270058258023376,0.00163461988477165,0.00363599344083276,-0.00498189436186114,0.00156323308369766,0.00212380615777974,-0.00216349953034367,-0.00308880554458635
2024-06-09 12:00:00,0.0049648996327285,0.00301966796862096,0.0046403795565022,0.00718636223196789,0.0102955391053348,-0.00180684067224623,0.00818390982493722,0.00113443007061187,0.00504815506005096,0.00274177639354178,0.00801236952100481,0.00231749814036242
2024-06-09 13:00:00,-0.00353384525449663,-0.00459122847199112,-0.00302389102507694,-0.00556859586693115,-0.00366927243980353,0.00180684067224623,-0.00818390982493722,-0.00431769787917435,-0.00461088735155002,-0.00224271212866078,-0.00677551098360851,-0.00386548606557757
2024-06-09 14:00:00,0.000332332668200763,0.00123036246167807,-0.000605877025501744,-0.000882093559106956,0.00528197592790036,0.00283274149681612,0.00457760509655603,0.00227479624937399,0.00299326738828842,0.00361078646678159,0.00431699714540112,0.0061776258239572
2024-06-09 15:00:00,0.000266477198927362,-0.000446983074910534,0.000201999798687069,-0.00442217701785186,0.00173385392374659,-0.000857559438542044,0.00102197249569302,-0.000909297630281247,-0.00374298627883452,0.000993788901666015,-0.00123152724924669,-0.00354747036637226
2024-06-09 16:00:00,0.00164218755999101,0.00207610189811192,0.00181616435755005,-0.00029550827638225,-0.00309827983624,0.000343112029442594,0.00461988728484641,0.00249858165194039,0.00168607777165741,0.000744694089275022,0.00461042771478271,0.000772260444589445
2024-06-09 17:00:00,0.000540337234978594,0.000470380882013899,0,-0.000147786891571577,-0.00192576546547407,0.00102863029813838,-0.00101725959062216,0.00294484299349274,0.00193236775105365,-0.00186277607419072,0.000919540294678445,0.000617379244798766
2024-06-09 18:00:00,0.00111321064123615,0.00131804990937923,0.00181287188334744,0.00221451334318878,0.0105153439995229,0.000770778953074647,0.00716655085354345,0.00248503460087646,0.00217722707386558,-0.000372971969264668,0.00823803285934233,0.00431101514467147
2024-06-09 19:00:00,-0.000399287598217057,-0.00102349869925256,0.00120675799037262,-0.00339759540960749,-0.00240258855754849,-0.00145641490725712,-0.00459150030141231,0.00382840237892212,0.00532971018684192,0.00111849884276172,0.000303812853620577,0.00291478307155546
2024-06-09 20:00:00,-0.000335874972158479,-0.000210770936007521,0.000200984826322137,-0.00474637497401975,-0.0040791156684481,0.00111391982727582,-0.00481667089098048,-0.00134952787013343,6.18066071460532e-05,0,-0.0033470288358588,-0.00337578961064611
2024-06-09 21:00:00,0.00090521296793078,0.00388670528382384,0.00260913344202207,0,0.00259772535988478,0.000513698641433358,0.000543884709851783,0.000674991588233476,0.00726648926768236,0.00136535737713039,0.00304321598223822,0.00398834705705897
2024-06-09 22:00:00,-0.00165886714956187,-0.00188077862529212,-0.00120336957963274,0.00118870742080457,0.000185293845686552,-0.000513698641433358,-0.00197299108122229,-0.00157568969010657,0.00134894863793278,-0.00161380458337756,-0.00121617527912088,-0.00168543669715349
2024-06-09 23:00:00,0.000198014840846028,-0.000361471462527518,0.000601865802098533,-0.000594177082246183,0.00123441566100713,0.000941579354820199,-0.000340564659491616,0.000675599620337364,0.00318120909419584,0,0.00334092945532483,0.000919681242015136
2024-06-10 00:00:00,-0.00126644919060226,-0.00347841478948396,-0.00240963972015318,-0.000594530338558386,-0.00569097168758059,-0.0033423350307582,-0.00423266606794059,-0.00383444701234281,-0.0105613163918186,-0.001740860922121,0,0.000612651267439812
2024-06-10 01:00:00,0.000941621075956078,-0.00041432369021166,0.00401284647636857,0.000297309352569108,0.000372139184348086,0.00171541340633041,0.000136817622323093,0.00203183273422691,6.17264899429593e-05,-0.00224271212866078,0.00875477289893301,-0.00337423633026979
2024-06-10 02:00:00,0.00129867985818954,-0.000186908040435085,-0.00100170297868119,-0.00104096968281819,-0.00167571800267297,0.00102783734958889,0.000547083375472601,-0.000451161749137063,-0.0018534541324744,-0.00374906712556289,0,-0.000153645233458954
2024-06-10 03:00:00,-0.00147564212891638,-0.0019442887576222,0.00400080549657944,-0.00462307884769153,-0.00698126627740159,0.00128331283386318,-0.00212161733074989,-0.0045228480537266,-0.00247662810015603,-0.00225620551964045,-0.00845160478989548,-0.0069385830760329
2024-06-10 04:00:00,0.000877752716625935,0.00188468754390669,-0.00420126655768971,-0.0016455983966388,0.00231170638076161,0.00435098583432669,0.000547945219188994,-0.000226680268453405,0.00278577578246475,0.00288202693064132,-0.00333991505251108,0.000309405943062391
2024-06-10 05:00:00,-0.00134788901308269,-0.00187111594762968,-0.00321285416932548,-0.00585631225515648,-0.00256194097700035,0.000255351748418953,-0.00384193666864774,-0.000226731664047963,-0.00688566971029347,-0.00125203471971069,-0.00548949228477102,-0.00278810589533785
2024-06-10 06:00:00,-0.00216688986009039,-0.0033441755563004,-0.00161030630610381,-0.0200797741315508,-0.00338431007401496,-0.00863290117252813,-0.00731289909575272,-0.00728269035808338,-0.00705877934833943,-0.00502387391748194,-0.00859956159567776,-0.00357392968402248
2024-06-10 07:00:00,-0.00181469807795942,-0.00658501111688814,-0.0054540080656349,-0.0153289368347016,-0.0105393673810434,-0.00266471984729932,-0.00694833256860683,-0.00434932584441572,-0.00818283662027808,-0.00302648402512062,-0.0108545026024669,-0.00891257560957226
2024-06-10 08:00:00,0.00120425572026761,0.0063480478410014,0.00505102599288332,0.00916368919277044,0.0107276853879395,0.000344234082573003,0.00992133576093068,0.00913456911032717,0.00974881144622985,0.00353000870846731,0.0154706055830789,0.0138815299327595
2024-06-10 09:00:00,0.000900189195581547,0.000577329485981437,0.00261648534094694,-0.000309262411619216,0.00494632070051981,8.60400086573065e-05,0.0034459027895255,0.0209207945096139,0.00424708651638595,0.001006289393092,0.0055113427931186,0.00756118099682079
2024-06-10 10:00:00,-0.000143998868994189,0.00129505503038452,0.00100452042600541,-0.00371862839423365,-0.00162520350811235,0.00146154864172088,-0.00227296306143821,-0.003791685149378,-0.00243362261696589,-0.00176167152645412,-0.00213969208945874,-0.00215450991313704
2024-06-10 11:00:00,0.000488072187932787,-0.000530334463091364,-0.0020100509280242,-0.00638482274914054,-0.00244276843150093,-0.000257765177352098,-0.00034483948064068,-0.00156547051986444,-0.0011877599620993,-0.00226957605931943,0,-0.000308166412300137
2024-06-10 12:00:00,-0.00158314176151109,-0.000108821329087405,0.00241157673145131,0.00716067816861621,-0.00635402093741977,0.00171718081175554,-0.0030397260020556,-0.003812091173237,-0.00344622666335726,0.00214362354325104,-0.00583092031079291,-0.00463392858869582
2024-06-10 13:00:00,0.00063730345842572,-0.000639564573596374,-0.000803212894588401,0.000930232625219851,0.00296184480946771,-0.0030930516969585,-0.000761377437714872,-0.0103885306455744,-0.00213635016847702,-0.00239611691664177,0.0012303908042508,-0.00139437624265448
2024-06-10 14:00:00,0.00365110713115158,0.00203973472588004,0.0101929532444275,0.00139372844860386,0.00596005403040323,0.00523538937738088,0.00566182552309957,0.00498189436186114,0.00670785827090548,0.00541460744897293,0.00398834705705875,0.00864469724347861
2024-06-10 15:00:00,0.00578310029219331,0.00591611912949119,0.00317649661574448,0.00740058881817074,0.0155782824574997,0.00256476160083796,0.0124531202219411,0.010337170700707,0.0103801783566984,0.00912563367738084,0.00944696954132107,0.00674022159600085
2024-06-10 16:00:00,-0.00134177608274655,-0.00109173856681544,-0.00357426909513392,-0.00307692550447847,-0.00234293220191706,0.00264336116398845,-0.00668624992141797,-0.00448129811114573,-0.00533202329664739,-0.00261666089117174,-0.00334194447451797,-0.00137499066808489
2024-06-10 17:00:00,0.00101174759909206,-0.000516558971552783,-0.00498555225501107,0.00200107817101536,0.00375836060524737,-0.000255503982993677,-0.000136920654694617,-0.00134831481100595,-0.00248973115041284,-0.00149831467660722,0,-0.000764701421373859
2024-06-10 18:00:00,-0.00261595664530034,-0.00225868225869341,-0.0024019226919999,0.00368381076606639,-0.00431407053897015,0.000340657472209571,-0.00239915116620049,-0.0020258870181572,-0.00405908072849259,-0.00275275449103773,-0.00182759721902404,0.00183430195118661
2024-06-10 19:00:00,-0.00529901281430334,-0.0054155731835106,-0.00461987363821392,-0.00645560188467353,-0.00912058439680852,0.00272109011436061,-0.0084080440202432,-0.00700963865055226,-0.00602524888149247,0.000125289732670453,-0.00642302254062743,-0.00520595265484669
2024-06-10 20:00:00,0.00203718627754945,0.00101357159124582,-0.00080563951990964,-0.0444587717774265,-0.00362160870397954,-0.00178487999448773,-0.00298042154430322,-0.004320643446866,-0.00138591429516133,0.000125274037119816,-0.00399693076302521,0.000767283088360493
2024-06-10 21:00:00,-0.00067563109895552,0.000419296350640863,0.000604290480671121,0.000805736889937236,-0.0019410794736201,-0.000510551406597504,0.000277623544259642,0.00341258436063296,0.000882167669056688,-0.00250846738835442,-0.00246761383695615,-0.000153409527032355
2024-06-10 22:00:00,-0.00128687182196074,0.000283061750176117,0.000201349039238519,-0.00435871220378203,-0.00112880985271069,0.000765729394627712,0.00436243464403674,0.00249518106092783,0.00207632125432067,-0.000628101270570447,0.00185128099772314,-0.00138174582511952
2024-06-10 23:00:00,0.000633073515279747,-0.00184678798634863,0.000402576494970108,0.0112613802725399,-0.00200992467638894,0.000425151998241446,0.00034541121548215,-0.00181405945439328,-0.000314317148587762,0.00100477275471533,-0.00494438584546408,-0.000461006539090647
2024-06-11 00:00:00,-0.00185893122915282,-0.00138050724182648,-0.00322515901408282,-0.00272326960453029,-0.00037731103453531,0.0018685244097898,-0.00158988040264019,-0.00432162619607446,-0.00662358516818662,-0.0051601649961075,-0.00279199809103137,-0.00508514848778652
2024-06-11 01:00:00,-0.00994456664127696,-0.00982480600941749,-0.0160784984030862,-0.00498513535416478,-0.0164884197124939,-0.00425170708510736,-0.0183619499010859,-0.0107712740717635,-0.0131878444301727,-0.0171814598806881,-0.0118751395496641,-0.0108730490267082
2024-06-11 02:00:00,-0.00664841134014438,-0.00674453907917716,0.00409500981746536,0.00978591269752105,0.00172496449096826,0.00297809196919863,0.0011971410887146,0.00230149698827931,0.00467066334229838,0.00282015313177553,0.00845207723726116,0.00405237462288466
2024-06-11 03:00:00,0.00285784230531938,-0.00194493129021467,-0.00286474515542412,-0.00143781476962701,-0.00377322738463004,-0.00255210687223517,0.000562864997622814,-0.000459875841629653,0.00293199266706345,0.00140709968851116,0.00435459475051436,0.00170953495671267
2024-06-11 04:00:00,-0.00644688756338674,-0.00837853306689773,-0.0010251154152453,-0.00738129153611933,-0.00998108675638143,-0.00898401764569545,-0.00458247479607676,-0.00345582650119069,-0.00459301649494481,-0.00448402519299052,-0.000931532438111393,0.00139653991197797
2024-06-11 05:00:00,-0.00177256160897343,-0.00112526828192649,-0.00184786008847959,-0.00338791967193597,-0.00123037088534073,0.00094497666067328,-0.00148499125687507,-0.000692600743373961,0.00497481732681804,-0.00257135652092888,0.00217222738634604,-0.00139653991197797
2024-06-11 06:00:00,-0.00312060595626029,-0.00585720827813851,-0.00432499901860128,-0.0069731896928209,-0.0051320475129879,0.00111564053622626,-0.00574856982085437,-0.00695251931488172,-0.015322285852243,-0.00103039679389649,-0.00746736512849422,-0.0136013978318661
2024-06-11 07:00:00,-0.00180124308120533,-0.00174972731658407,0.00309119256967283,-0.00195471637415157,-0.000977421639734466,0.00256981467447881,0.0043322392958689,0.00440887127904732,0.00161378855667005,0.0133130486497377,0.00591625577453891,0.00204418657550476
2024-06-11 08:00:00,-0.000791194333066514,-5.65850898439635e-05,-0.000617474548794572,-0.00228534216344389,0.00299440400803341,-0.000256684493388004,0.000495943897656836,-0.00139017631285787,0.00212622096145365,-0.00114511113728089,-0.000931821778870301,0.00251019899615068
2024-06-11 09:00:00,-0.00642493340241757,-0.00556092904416516,-0.00329965240605057,0.00049015604281788,0.00149384628176463,0.00350233134668221,-0.000921234519320802,-0.00511391165631858,-0.00438625485533617,0.00317763216220346,-0.00155496843646974,-0.000313430499353284
2024-06-11 10:00:00,-0.00182548875417332,0.00414526018744432,0.00453422046409147,-0.00294454654106513,0.00446819587485248,0.000937566657215338,0.00530317665002178,0.00742979967610724,-0.00168219501366407,0.00670337045007852,-0.00405427032804084,0.000783392127804206
2024-06-11 11:00:00,-0.00107551634549452,4.53324569136271e-05,-0.00432767290578195,-0.00673956689256183,-0.00570208244890757,-0.00127871804645174,-0.00424028903888551,-0.00649805024927619,-0.00129592449938665,-0.00556189020691367,-0.00125078190165251,-0.00486695363717815
2024-06-11 12:00:00,0.00194130447047947,0.00125998626437429,-0.00310270183751093,0.00362199934989693,-0.00169094733319231,-0.000597295124204145,-0.00774949667600144,-0.00279785680298472,-0.00142745936514865,-0.0101924694324147,-0.00439009798843326,-0.00853490244983757
2024-06-11 13:00:00,-0.00310822797226073,-0.00362000324447465,-0.00332019396103911,-0.0026328795857733,-0.0156791351198358,-0.00111020977285792,-0.0122797851995711,-0.0105622387871266,-0.00749506555563606,-0.011203516838493,-0.0129687093590856,-0.00956945101615059
2024-06-11 14:00:00,0.000587446410165171,-0.00220050865369359,0.00394150494716461,0.00542273944076044,0.00488095421890655,-0.00034185112716445,0.00166047036671557,0.00564707383031815,0.00183006587023948,0.00361944552321081,0.00697972376700218,0.00591197695405832
2024-06-11 15:00:00,-0.00911801089761788,-0.018890847277806,-0.013548930558316,-0.0203632563957106,-0.0287688787559564,-0.00325342752726865,-0.0132885083618346,-0.0165605866576843,-0.0286822112430185,-0.0133794293031677,-0.0159340528640408,0.00413355119557846
2024-06-11 16:00:00,0.00366136821545204,0.00143758556798268,-0.00210084110881181,0.00400601437093862,0.000406228847833923,-0.000514668050475287,0.00146092063967496,-0.00286670048207627,-0.00134489967148088,0.00495696292847114,0.00032118195233588,0.00300990326245287
2024-06-11 17:00:00,0.00425519592227985,0.00556848666933263,0.00545303364661276,0.00548219663589666,-0.000744878991610243,-0.00128783018442879,-0.00541610048260299,0.00238948739738143,0.00161366269130703,0.00130039030028328,-0.00289435802636451,0.0130433215552717
2024-06-11 18:00:00,0.00517313011179254,0.00511364587453755,0.0070863156061225,0.0072631550724731,0.00695314510220069,0.00128783018442879,0.00949536021854325,0.00594885751977248,0.00836265117763091,0.00116890720498208,0.0118458244479873,0.00544960476756473
2024-06-11 19:00:00,0.00430718355496396,0.00212394526674942,-0.00353688083258597,0.000493299360492472,0.00389419049926953,0.000171585449974643,0.00275862243907987,0.00189618449798779,0.00146461646579388,0.00388651868928047,0.00571248776539113,-0.00248756347180179
2024-06-11 20:00:00,-0.00173634097160758,-0.0027230145774908,0.00166597289677439,-0.00378819525734553,-0.00618406218950529,-0.000686518520055301,0.000869565272184181,-0.000710647903886197,0.00192735911854713,-0.00284863587686068,-0.00380469704366382,-0.0054632150242544
2024-06-11 21:00:00,0.00158204244430316,0.00405176273522123,0.000624024981248361,0.00280135307199547,0.00672000378470106,0.00162971258783529,0.00448074754149319,0.000710647903886197,-0.00112938062162149,0.00439902378431611,0.00158705000776704,-0.00235054562506143
2024-06-11 22:00:00,-0.000540083955440807,-0.000359873534044652,-0.00124843961283827,-0.00693529860372344,0.00113792307871119,0.000599751549485994,-0.00122659562981542,-0.00213346056980923,-0.00246248169423735,-0.00012910722372883,-0.000634517787786226,0.00266353467299996
2024-06-11 23:00:00,-0.000682831797305994,-0.000934562145662454,-0.000208224883625818,-0.00165837517277634,-0.00113792307871119,-0.00145716393160322,-0.00325415191167777,0.00142281266592303,-0.00126687798241187,-0.00167991252274735,0.00126863321803894,-0.00203618208027878
2024-06-12 00:00:00,-0.00169870544511674,-0.00124171727693145,-0.00333750831287993,-0.00415801014866357,-0.00746196867658622,0.000514535642944125,-0.00734255052653454,-0.00189753377619128,-0.00140210338443047,-0.00310881079396452,-0.00667835205934741,-0.00392742630346965
2024-06-12 01:00:00,-0.000297365681607431,-0.00295886196551543,-0.00083612045004855,-0.0071924705815043,-0.00717819835786759,8.57302070911281e-05,-0.00570761098706552,-0.00595310723472275,-0.000267290345727922,-0.0020779228255865,-0.00768741774268644,-0.00220611498236689
2024-06-12 02:00:00,0.0034955204147078,0.00456650576962758,0.00542232819677346,0.0128431420903183,0.0144392225949153,0.00316686189265125,0.0160154839048934,0.00785064101091404,0.00851805243513093,0.00389257011551169,0.0124622159277448,0.00816972336611532
2024-06-12 03:00:00,-0.000122383360466216,0.00324744171475189,0.00187013041517725,0.00808785460169936,0.00247549719967388,-0.00136822323379926,0.00266849532696267,0.00590669171539027,0.00555079730914887,0.00478006206976733,0.00916712599563674,0.00218818468055293
2024-06-12 04:00:00,0.00110594984501944,0.00326816731834967,0.00083004777540141,0.0024628532274944,0.0108331900514944,-0.00274207541136295,0.00545899933468674,0.0025879322760326,0.00774587042042407,-0.00335657428491398,0.00314169281344423,0.00218340698094344
2024-06-12 05:00:00,-0.00353877309548878,-0.00367565889988342,-0.00353247120574807,-0.000492085632828321,-0.00743103207194906,0.00265649926993872,-0.00430725719758018,-0.0025879322760326,-0.00517915079087672,-0.0012939960397711,-0.00377121754307908,-0.0031206141723179
2024-06-12 06:00:00,0.000571344269038931,0.00211828293359773,0.000208138204518704,-0.0001640823697171,0.00425306329560282,-0.000856164435859785,0.0035906681307285,0,0.000657073418738996,0.000776598537607143,0.00721571758249162,-0.00125097748917846
2024-06-12 07:00:00,0.00255300773757305,0.00304144519821747,0.00124792029506093,0.0088221451128323,0.00654353106491179,0.00128397192901586,0.00364924736841354,0.00352734051796844,0.00327890647234375,0.00219709296782611,0.00623249134928994,0.00218818468055293
2024-06-12 08:00:00,-0.000892418279004659,-0.00184761884341711,-0.000415800421791124,-0.00179080226938932,-0.00303510393983242,0.00128232545889695,-0.00114342898186526,-0.00140944350323358,0.00111238355982213,-0.000387371687973648,-0.00311139018895101,-0.00375411046248764
2024-06-12 09:00:00,0.00532548167986491,0.00528683520559525,0.00352880490731433,0.00422764857314561,0.0058639601403101,-0.00488160948854377,0.00378261165430671,0.00375411046248764,0.00736279592664824,0.00012914056968949,0.00404292262706241,0.00359797024825825
2024-06-12 10:00:00,0.00351629479482263,0.00149371552026167,0.00454828156417342,0.000324464636201505,0.0038684767779209,0.000600781033390341,0.00128141257656633,0.000468274417360637,-0.000454530704880884,0.00270810662637455,-0.00248601743946164,0.00405174311505974
2024-06-12 11:00:00,-0.00314575430837216,-0.00351335250250706,-0.00662254076049351,-0.0119117015833918,-0.00702678970723713,-0.000772499072792421,-0.00950720195764765,-0.00492785228124071,-0.0129430490334577,-0.00983572055060744,-0.00749535051856753,-0.00780644089282956
2024-06-12 12:00:00,0.0227676980687406,0.0297590201729978,0.0233952800480789,0.0264047088859591,0.0458547812950574,0.00265832167864977,0.0375674043627789,0.0308073002690614,0.0411824795738967,0.0236484481522865,0.040847072575704,0.0342045360743028
2024-06-12 13:00:00,-0.00027823595699239,-0.00643280538872482,-0.00162403608573458,0.00239521072595483,0.0027031291015609,0.00205321314324314,0.0115544614218668,-0.000684540813953083,0.00302610242271939,-0.00522127897412084,-0.00210875209940875,0.00347773844128474
2024-06-12 14:00:00,0.00919833278267035,0.00557216689585971,0.00910108415634925,0.00810106884533202,0.00419734367207081,0.00332750616312927,0.0123009468417603,0.0090889060123448,0.0134431636518615,0.00978344630907113,0.0131817367020646,0.0109586024997268
2024-06-12 15:00:00,-0.00324379392366936,-0.0046735563636755,-0.000604168782852632,-0.00571158144795092,-0.00702637771556702,0.00136193415672059,0.00934491993293229,-0.00362565545596338,-0.0016783220722747,-0.00507036198443345,-0.0032791801630454,0.00149186958894965
2024-06-12 16:00:00,-0.00169357772808176,-0.000528008659445689,-0.00444175977594252,0.00349428563930321,-0.000188887140495808,0.000935254925120699,-0.00107123738149872,0.00272047322624658,0.00719070789901721,0.00317198768780891,0.0050633019565467,0.00446230102339884
2024-06-12 17:00:00,0.00263944052351661,0.00187579220177447,0.00323232604658052,0.00411392985277903,0.00508747132530729,0.00144367567853765,0.00487822144176531,0.00496839323750886,0.00228275386785537,0.00354072195906951,0.00769462216104255,0.00754051033514869
2024-06-12 18:00:00,-0.0140230823212324,-0.0155906556226206,-0.00952484655589125,-0.0194521439571274,-0.0231323093841285,-0.0061287219413737,-0.0193854088309433,-0.0115555834389144,-0.0125889231938823,-0.00874807480698792,-0.0199500438218392,0.000294550812144356
2024-06-12 19:00:00,-0.0189956014872177,-0.0107495792842016,-0.0137367613662617,-0.0137799051665821,-0.0170712196154366,-0.00625242925911618,-0.0207396528595856,-0.0126133996552115,-0.0204905823053365,-0.0146231441044149,-0.0172914971100613,-0.011850234955552
2024-06-12 20:00:00,0.00842032538550797,0.00763299994216915,0.0112902769655919,0.0120072836404628,0.0105100227854598,0.00154532997785584,0.0105609264569624,0.00873167312340506,0.0151091789173758,0.0134764280457773,0.0142794466400695,0.0133216890173993
2024-06-12 21:00:00,0.00632364658284423,0.0027969454042811,0.00224283914999146,0,0.00206305275932106,0.000943194067779984,0.00513646987608785,0.00296973376453702,0.00500689492593409,0.00101936808011516,0.00180831875678367,-0.00723090289984563
2024-06-12 22:00:00,-0.00277874917753174,0.00153835191339446,0.000407249038412161,0.00032252862721105,0.00212307475121243,-0.000257146532081976,-0.000546634793249456,0.00159544193386585,0.000124851738722675,0.000763844722053264,0.00360685693099283,-0.00311503626507981
2024-06-12 23:00:00,-0.00119801074003512,-0.00319142345187906,0.000814000858947006,-0.00129073912724653,-0.00244514631829773,-0.00137256605575331,-0.000683713960724308,-0.00296499247890902,-0.000874289695358854,-0.00101858934195054,-0.00180180228926252,0.00103942395578516
2024-06-13 00:00:00,0.000966806745672955,-0.000438283509014425,-0.00244399306987808,-0.00113076500215925,-0.00367896629491415,0.00351343606633714,0.000205163276493225,0.000456725287683479,-0.000750000035156351,-0.00025480953125534,0.00180180228926252,-0.00520795760854065
2024-06-13 01:00:00,-0.00514110001397761,-0.00544677929023507,-0.00552092190599474,-0.0121962646846319,-0.0114457905585566,-0.00291270659107346,-0.0148804068381392,-0.00641321483471335,-0.0132802404929184,-0.00344629864358747,-0.0129852345483221,-0.0118557702928621
2024-06-13 02:00:00,-0.00360787349619329,-0.00762101314747987,-0.00225803236658473,-0.0100305042240354,-0.00755017866259333,0.000686106373398498,-0.00493999960952407,-0.008074792980301,-0.0153230349160189,-0.00320164197416073,-0.0067093877795239,-0.00849004493283156
2024-06-13 03:00:00,-0.00384395829423312,-0.00266843199893252,-0.00123380644892845,0.00297029921353342,-0.00125292640611718,0.000771307404224153,-0.00377358938363948,-0.00139082080834285,-0.00141643083171328,0.000256508915091658,-0.00583092031079291,-0.00350797278826365
2024-06-13 04:00:00,-0.00217992348365037,-0.00223200663095824,0.0026713259489668,0.000823519769839187,0.00335957629647865,0.000685107503032967,0.000909758976635588,0,0.0041149675502532,0.00192172245420163,0.00705416205353693,0.00381243313465585
2024-06-13 05:00:00,0.00409139837497818,0.00431376632649361,0,0.00509074093911099,0.0018396851443514,0.00205251076931479,0.00397920173211608,0.0030110040119643,0.00217920865628463,0.000255950858832676,-0.00398101888507574,-0.00106601700493347
2024-06-13 06:00:00,-0.00126507342329951,-0.00500924929301405,-0.00576251851863962,-0.0116979668257988,-0.00645375964107409,-0.00694417467489217,-0.0036994423233816,-0.0060311015566431,-0.00468475106755717,-0.00281906901201623,-0.0104874496076888,-0.00718712475178696
2024-06-13 07:00:00,0.00304991135048027,0.00421983144052973,0.00801731090572866,0.00677184848974299,0.00481134558070995,0.000430052042924345,0.00676031427835655,0.0034839194453874,-0.00141615730136824,0.00690539828391223,0.00494897391167415,0.00153350743133007
2024-06-13 08:00:00,-0.00235419673329495,-0.00109538721761915,-0.00163934462943316,-0.00263721926376004,-0.00157925939252035,0.000687698815033499,-0.0027125733899267,0.00254718211125571,-0.00426054482198035,-0.00191338791712692,-0.00712187558921862,-0.00583988135801694
2024-06-13 09:00:00,-0.00215875250205322,-0.00376884149750012,-0.00658438592817923,-0.000660392957795963,-0.00462047026628998,0.000687226210364766,0.00333750831287971,-0.00510086893142348,-0.00382409643840376,0.00280505092760919,-0.00217763346281474,-0.000308308927985612
2024-06-13 10:00:00,0.00592340137669645,0.00356617746382071,0.00719945514285425,0.00362677614816231,0.00336845204732228,0.000858369151416127,0.00291121020745844,0.00440682610425769,0.00278849764034827,0.00761038680741422,0.000311380977138676,0.00446120269168215
2024-06-13 11:00:00,-0.00118633487895181,-0.00165996481050001,-0.00699303549097052,-0.00561057577379653,-0.0134755930774615,-0.00223329417681439,-0.00701513555837674,-0.00626815749320675,-0.00871550232316798,-0.00291047342433437,-0.00875552810237901,-0.00693110206399927
2024-06-13 12:00:00,0.000140970302513921,-0.000952652120894015,0.00329693272058884,0.00297422558972649,0.00280299169104836,0.00128904757247073,-0.000627505685572238,-0.00116509392184594,0.0011099142588189,0,0.00156912004578436,0.00246989937231712
2024-06-13 13:00:00,-0.00235777490749278,0.00177297912578389,0.00123355278799886,0.000824606297241459,0.000666222542962558,0.00214472694059342,0.00368965575735603,0.000932183707680223,0.00915858436456896,-0.00190270876201914,0.00469264117819224,0.00184842936178242
2024-06-13 14:00:00,-0.00332509640354317,0.00221466334040876,-0.000822199429668546,-0.000659630630778452,-0.00688344349205838,0.000342729846555922,-0.00250469761500915,-0.00209863665692123,0.00245398896156646,0.00126887467855674,-0.0012492194004321,-0.0026196178013298
2024-06-13 15:00:00,-0.0133839302605399,-0.0190148083951804,-0.0119984889993929,-0.0146230588416936,-0.0152035091715099,-0.00214399121619602,-0.0173563011992217,-0.0176620627970688,-0.0261384457452656,-0.0100682683172817,-0.0217983674614124,-0.0157067220888805
2024-06-13 16:00:00,0.00758347776630153,0.00833883089294396,0.00663765141859041,0.00966191091173751,0.00529676642416099,0.00128694625458259,0.00839955529522429,0.00663038185598863,0.0141995549093004,0.00791022241469275,0.0123791455449207,0.00765090780285127
2024-06-13 17:00:00,-0.000836470144966128,-0.00015560704066786,0.00103316467502057,0.00314491693452901,0.00661538797087147,0.000171467764480404,0.00287769982761521,0.00329877773223086,0.00501352093533658,0.00393176992012911,0.00534844754601016,0.00666617459664098
2024-06-13 18:00:00,-0.000852275815496739,0.00157512317516151,-0.00186046565291975,-0.000661266349108125,0.00134471882026421,0.000428540825071266,7.00844517931287e-05,0.00117550266269018,0.00304789315420839,0.00580589791943087,-0.00062774641107266,0.0023149944747276
2024-06-13 19:00:00,-0.00388081435913534,0.00171052994814325,-0.00290095520475131,-0.0039768072294919,-0.00741843164755096,0.000599648795113428,-0.00527001184564702,-0.0040023596688431,-0.00610510436878409,-0.00100730303153274,-0.0116849584689698,-0.00401606965488988
2024-06-13 20:00:00,0.00163475074358921,-0.000908085181013263,-0.00561857684504741,-0.0029930185296374,-0.00332237482269626,0.00128375215542143,-0.00458991731912062,-0.00520341760607723,-0.00443980880783101,-0.00189143237776879,-0.00637350787209234,-0.00730100330506533
2024-06-13 21:00:00,0.00384507191377637,0.00219982283364395,-0.000208702912163128,0.000333000336077305,0.00555368850413185,0.000427551419570626,0.00402613999622448,0.00425935333959482,0.00241822280518411,-0.00176857044582501,0.00319183162777614,0.00233590388858662
2024-06-13 22:00:00,-0.00110543398714746,-0.00118833721423606,0.000417362276509015,0.00166334037019045,0.0007426662056913,0,-0.000493566024474257,-0.00236406729488059,-0.00733803987223691,0.000505625089775918,-0.00671465352564082,-0.00592825449140499
2024-06-13 23:00:00,-0.00184021763470454,-0.00356486101552456,-0.00501988086140692,-0.00316271591139739,-0.00595683071919151,-8.54956611475721e-05,-0.00487823089069828,-0.00355661311484712,-0.0043495521320871,0.000252716705919198,-0.00579152197958877,-0.0050196183828739
2024-06-14 00:00:00,-0.000678348325804379,0.00117242594668099,0.00167609509173761,-0.00300551236427715,-0.00129080489405986,-0.00299696246922654,0.000708466200373348,0,0.00494120977679957,0.0010102286501299,0.00257815160529917,-0.00267695616911534
2024-06-14 01:00:00,0.00117483289295173,0.00389914451453244,0.000627812095539748,0.00467134649929335,0.00589692290705113,0.000514403303523814,0.00797098002339247,0.00331989870967031,0.00452444953976317,0.00491030259502079,0.00737537414115153,0.00550359121697919
2024-06-14 02:00:00,0.00218050318392038,0.00531130362734267,0.00355017601656227,0.00365509627726102,0.00108071607951743,0.00154162414910131,0.00196532666614146,0.00307292524046188,0.00443893933396433,-0.00125675522385293,-0.000319539865316631,0.00219298333501006
2024-06-14 03:00:00,-0.0031115391307992,-0.00420209522178361,-0.00208681210955486,-0.00348866538730341,-0.00426209081408579,0.00153925120180798,-0.00703683151370815,-0.00734339436391418,-0.00496246529317634,0.00125675522385293,-0.0048053912749384,-0.00564884602672722
2024-06-14 04:00:00,-0.000398767019474278,0.00168581735502471,0.00125260976712216,0.00182891396893847,-0.00298750901179901,-0.00694536553971536,0.00155235707154877,0.00332305076741235,0.00287600695003087,0.00087878983748535,0.00640207052202246,0.00329903684649646
2024-06-14 05:00:00,0.00501010692317116,0.00724036894248137,0.00270861713678305,0.00596225681441798,0.010888417857184,-0.00163616828750524,0.00653574131544343,0.004728141195946,0.00494824891416501,-0.00100439430917021,0.0123673686672294,0.00640977728046432
2024-06-14 06:00:00,-0.00134432833313625,-0.00113629596824971,-0.00500626827814421,-0.000991244092396926,-0.00512510394198085,0.00180824090257348,-0.000140105079038388,-0.00259771075351478,-0.00475245840937921,0.00087890017585579,-0.00189274504455605,-0.00468604418892626
2024-06-14 07:00:00,-0.000858013344746666,-0.000454880161138149,0,0.00543972329581788,-0.00196257634137265,0,-0.000140124711221823,-0.00189349168998998,0.00136946123329729,-0.00163285849254713,-0.0022127399576819,0.00795325829716442
2024-06-14 08:00:00,0.00368589842904044,0.00167634629943869,0.00313185348379386,0.00164257592778849,0.00540468820008133,-0.00163588654158131,0.00168020201947328,0.00354736093879837,-0.0012389555234873,-0.000754527198774113,0.0103888861338244,-0.000932400999951177
2024-06-14 09:00:00,-0.00346127670385776,-0.0024728848129385,-0.0062735462972382,-0.00164257592778849,-0.00418608402788578,-0.00189753377619173,-0.00329304904347527,-0.00283688133519966,-0.000848591715141733,-0.00214092393342646,-0.000939996935891863,0.00248447332766211
2024-06-14 10:00:00,-0.000700633805502449,-0.000347261759154449,0.00146735169394963,0,6.76567098798486e-05,0.000258966724223431,0.000491141914801707,0,0.00339005474937748,0.00415173270446267,0.00344234419097278,0.00371517455186332
2024-06-14 11:00:00,0.00243239677736007,0.000913438276246126,0.00209248873169232,0.00459243057420977,0.00196005604977145,0.00189704290745452,-0.00154440185137417,0.000473372789904558,0.0038325422857417,0.00213206326453008,-0.00501097196359934,-0.0105623846217224
2024-06-14 12:00:00,0.00070534221340246,-0.000728406756310918,-0.000418147612197606,-0.00294985464642128,0.00107976795482045,0.00180746272901944,-0.000210785175556394,-0.00118385239350327,-0.00311688564025348,0.000501002014487995,-0.00914688604049907,-0.00391144987464997
2024-06-14 13:00:00,-0.000190825754303958,-0.00159809288419943,0.00208899177701527,0.000820277299705907,-0.00283688133519977,0.00231909058199742,-0.0012656449446482,-0.000710984743778731,0.00227368792530402,0.00250125192935169,-0.00222046086474004,-0.004084202975422
2024-06-14 14:00:00,-0.00130574771255354,-0.00532829969337278,-0.00250731430978368,-0.00625104848483993,-0.0190520973259609,-0.000944165556599152,-0.00869171284628578,-0.00737659501957655,-0.00670597258978445,-0.00601354856564473,-0.0131055096134864,-0.00980710169650356
2024-06-14 15:00:00,-0.00886198997302579,-0.00764741765391541,-0.00777069960791998,-0.00562635937311295,-0.00879415701168718,0.00111573628705353,-0.0104877356977049,-0.0120135995577319,-0.00721172731586295,-0.0093423227142635,-0.0126276568678021,-0.0111893750550101
2024-06-14 16:00:00,-0.0166856080973759,-0.0172457745254295,-0.0140129681516955,-0.0142059713345057,-0.0150663303294207,-0.00455659989695745,-0.0355524869822919,-0.020513539833103,-0.0245116840977522,-0.018304511067897,-0.0300998413757818,-0.0160418250096619
2024-06-14 17:00:00,0.00187607052869332,-0.00400128315639314,0.00213584019682001,0.00100942135085269,-0.000211841966685888,-0.000344738433130765,-0.00529042625827625,0.00246426935941824,-0.00846458414388263,-0.00116331687649218,0.000671366255495798,-0.00147118947663238
2024-06-14 18:00:00,0.00166258289063492,-0.000596114648725887,-0.00149460901101373,0.001512224097306,-0.00105988351204278,-0.000862366386662039,-0.009684396848054,-0.00394575111186113,-0.0110090345708351,-0.00414723248644577,-0.00944039377908679,-0.00376956932478278
2024-06-14 19:00:00,-7.3867823026319e-05,0.00547853017589439,0.00234766941676556,0.00100688043411701,0.00247131635045061,0.0012071048197928,0.00744056643766244,0,-0.00206483657917778,0.00025970653307894,-0.00475382898654075,0.00409668741733005
2024-06-14 20:00:00,0.00375347687150729,0.00208518844442196,0.000852333313905218,-0.000838996609329179,-0.000282127241256092,-0.000344738433130765,-0.00194873394004347,0.00172818213607962,-0.00200006963463162,0.00103815218252024,0.00610792533426974,-0.00541117988396267
2024-06-14 21:00:00,0.00651096755663438,0.0262796780995504,0.0124882562777759,0.0136714366792132,0.0154694576814931,0.00438653780391851,0.0179930504773527,0.0205085312935431,0.0202289410086221,0.01083601934128,0.0316324026485773,0.019215702795873
2024-06-14 22:00:00,-0.00275319699618315,-0.00549131970823424,-0.00126289219058051,-0.00381584867822493,-0.00452505210151077,-0.000600935760883825,-0.00546772457208844,-0.00435941596191636,-0.00284553037531499,-0.00669415476106128,-0.0049285462011488,-0.00436434863928725
2024-06-14 23:00:00,0.000454042928334175,-0.000924381634458626,-0.000421318733849763,0.00282181281108595,-0.00188567294063358,0.000429276675405266,0.000148170099544931,0,0.000339178512901217,0.00245113971654565,-0.00230832748828336,-0.00162127143165258
2024-06-15 00:00:00,0.00214218364799024,0.00308559022965404,0.000842460032977943,0.00149068350585502,0.00348918707095347,0.0007722339394447,0.00406609808723113,-0.00145737213066954,0.00433135490367453,0.00141633964319166,0.00164934888124035,-0.00259951405523373
2024-06-15 01:00:00,-0.00165747276959216,-0.00424083248481466,-0.00168563040333602,-0.00414628672626538,-0.00181285783856211,-0.00128738806777751,-0.00986106229825223,-0.00682929483533501,-0.00290806007531064,-0.00102986620842938,-0.00760963142674376,-0.00472891219616067
2024-06-15 02:00:00,0.00210656314256674,0.00207388502516714,0.00294799118532163,0.00232403823063532,0.00313556331178599,-8.58848284979175e-05,0.00690554071431393,0.00536979567088136,0.00385304833328126,0.0029580112880847,0.00662034857606919,0.0040779764530785
2024-06-15 03:00:00,0.000792855166883655,0.00555127759758456,0.00272966048755185,0.00430179352996074,0.0083137516408387,0.000686872182924958,0.00450368069001628,0.00315956029036857,0.00336768688997591,0.00192443448961566,0.00263591585899015,0.00389927382756539
2024-06-15 04:00:00,-0.000317247777095631,0.00131177479100764,0.00104788860055105,0.00214397707259639,-0.0011735875151837,-0.00593984443420581,0.00125151854963179,0.000727713798033158,-0.000403524116041165,-0.000512820524058988,-0.00296589441337858,0.000648403329574165
2024-06-15 05:00:00,-0.000226904452837573,0.00509103689034518,0.000418848173662667,0.000823384155204998,0.000759537409205535,0.00155292930872086,0.00220474844949581,0.00266376232094112,0.0060358308117654,0.00613655722695494,0.00460982047816172,0.0058167880925859
2024-06-15 06:00:00,-0.000955435324797804,0.00358594254769784,0.00230053432007105,-0.000658653078314586,-0.00477393925660152,-0.000431127404823872,0.00300531653722413,-0.00120992150271326,0.00333756400866969,0.00457783098545139,0.000328461162420801,0.00369864536784603
2024-06-15 07:00:00,-0.00138499946069004,-0.00282069278385855,-0.000417885505454518,-0.000494274662012018,-0.00284752076283024,-0.00120814650525469,-0.00234483876764502,-0.00315266418517368,0.000799360554155193,0.00177462335836864,-0.00197238722720394,-0.00112422721228089
2024-06-15 08:00:00,0.00218173713867387,0.00138446337360776,0.00187911110727512,0.00181114728029996,0.00118166350245907,-0.00623648621588657,0.00293019036114939,0.000728420573667288,-0.000532836032321793,-0.00317118297086783,-0.000329109761075141,0.00208684560844929
2024-06-15 09:00:00,8.5920311153842e-05,-0.000648109255978468,-0.000625978111207459,-0.00115216867325607,-0.0031309818585088,0.000434348267264184,-0.0021235317173276,-0.00316032838701341,-0.00420603484169302,0,-0.00494968837625986,-0.0065964361144244
2024-06-15 10:00:00,0.00110181324374814,0.00176504077978379,0.00250156478170216,0.00131665588474661,0.0036865760112823,-0.000868885274927234,7.33003482094041e-05,-0.00024351637767972,0.000936204428418019,0.00139655961249918,0.00132231424226026,0.0024183808642817
2024-06-15 11:00:00,0.000300708884999778,0.000268443102271476,-0.000208224883625818,0.00115065353371158,0.00325789634152862,0.00104257177123879,0.0029276168169361,0.00146020955612214,-0.0037500881020609,0.00228108070016386,0.000660502005518815,-0.000805477288816858
2024-06-15 12:00:00,0.000423010957860015,0.00721244269375099,0.000208224883625818,0.000985221754569388,0.00124489953141005,0.001388407026226,0.000657534270265714,0.00170088730107965,0.00435147130150249,0,-0.00231366819455259,0.00321802369420077
2024-06-15 13:00:00,-0.000520723887301955,0.00116621358287894,0.0047772445201526,-0.00114951979157762,0.00158845297393562,-0.000260179525338966,0.000292098731447421,0.000485436902736725,0.000200380724045157,-0.00152014217264185,0.00132275151561645,0.000642363921237177
2024-06-15 14:00:00,-0.00140265927615424,-0.00312885662027718,0.00165631507845132,-0.00477642347596863,-0.00338713903479704,-0.00164937751702565,-0.0041704834546481,-0.00145701822764732,-0.00140350900232056,-0.00266582195322851,-0.000330523883359302,-0.00289389269484253
2024-06-15 15:00:00,0.00144111226274468,0.00218141170723207,0.0028919664857221,0.00263808891662798,0.00531750847256074,-0.00121707395706716,0.00358620064515414,0.00121432923240195,0.00260495087691615,-0.00216326355278795,0.00198150659286123,0.00225152877360535
2024-06-15 16:00:00,-0.00199275507563534,-0.00247937376143881,0.00267792929630506,-0.000988467955277628,-6.8877638901732e-05,0.000956397064597603,-0.00358620064515414,-0.000242747907491347,-0.000200140098737034,0.00343358892686929,-0.00429823773000892,-0.00176863137991567
2024-06-15 17:00:00,0.000996873921835117,0.00407941669587686,0.00164439913724546,0.00115311766339588,0.00192678286969983,0.000521285850205722,0.00263601236330668,0.00218261272531795,-0.00153573962677855,0.000253871542364337,0.00132450350489055,0.00144729461622517
2024-06-15 18:00:00,-0.00158344142236544,-0.00271963292793664,0.00164169952735171,-0.00148282422754331,-0.00454765477477803,0,-0.00344284850932475,-0.00169717582258122,-0.00522579240974208,0.00114162503678283,-0.00397878508976346,-0.00370281353603486
2024-06-15 19:00:00,0.000143764292115378,-0.000935355229291446,0.0132398308385027,0.000659304457704124,-0.000967318530481265,0.00182236350169385,0.0028576681839434,0.00411672696667098,0.00154377988172705,0.00417484318180872,0.000664231176862984,-0.000806776969940248
2024-06-15 20:00:00,-0.00161388545039287,-0.00121755258881962,-0.00507151913661585,-0.00297029921353342,-0.0023531051068213,0.000606717245046795,-0.00351829139584314,-0.00338901316863782,-0.00781043561097094,-0.000757767149167421,-0.0036587434794173,-0.00193892450467414
2024-06-15 21:00:00,0.00119341877154966,0.00196478351512397,-0.00346338331322149,0.00214610069988641,0.00669868876893354,-0.000520020812551092,0.00315237972283699,0.00121168074923961,0.00713951978573713,0.00088400586674986,0.00232983962936339,0.00355182808013899
2024-06-15 22:00:00,0.00110499094233951,0.00266133248863376,0.00468289565948266,0.0032927260569755,0.00123813470212308,0.000260044208980848,0.00109733358975661,0.00169389030217493,-0.000738527678000089,0.000378620563619592,-0.00133067218570515,0.00289668693051026
2024-06-15 23:00:00,0.00042664613371457,-0.000529458494000323,-0.00305157392739852,-0.000328785141872956,0.000343654424496798,-0.000693601553729994,0,0.000966650631094912,-0.00215155061819727,-0.000252397780239555,-0.000999167443658244,0
2024-06-16 00:00:00,-0.00100143364890926,-0.0027863729962192,-0.0042879085606472,-0.00477957234562343,-0.00578912712597024,0.000780267931562939,-0.00454346377369119,-0.00290275965796139,-0.00709246784097806,-0.00252748776026657,-0.000333277790120157,-0.00144729461622517
2024-06-16 01:00:00,0.000207348416507713,0.00265186269757223,0.000613685198762814,0.000825695695495732,0,0.000519840593927956,0.000293750461097586,-0.000242277408816771,-0.00074593974909698,0.00567789046673184,0.00233061533828227,0.000160913991818834
2024-06-16 02:00:00,-0.000496075616812419,-0.00180923939299937,0.00224696244062972,-0.00132144056229499,-0.00269924377473263,-0.00103995156265668,-0.00493173867712171,-0.00266893279864155,-0.00258117246962097,0.00439395597409131,-0.000332612675609134,-0.00161030630610393
2024-06-16 03:00:00,4.74718733016743e-05,-0.00191096643426469,0.00224192491743103,-0.000661375685484522,-0.00194242169987291,-0.000780674021519712,-0.00140299081532991,-0.00194552590549146,-0.00279244179412519,-0.000250563769790269,-0.00299850299625692,-0.00339010737144973
2024-06-16 04:00:00,0.000302618010863398,-0.000278519012129053,-0.00407997301991547,-0.000827335200662027,-0.005850006237055,-0.00156317878118051,-0.000961076479550904,-0.00024345709189022,-0.000682267884827059,-0.00364024753959846,0,-0.00210441194619104
2024-06-16 05:00:00,0.0014797251843337,0.003925857539123,0.00142988483151185,0.00380008718346669,0.00862374076623773,0.00147639959077583,0.00678168602384144,0.00582667344020593,0.0105907303546289,-0.000628970396230777,0.0132583977290857,0.00871254301184154
2024-06-16 06:00:00,0.000724263795518709,0.000652813776540029,-0.00163432109921768,0.000329760926319089,0.00290416467429111,0.000694022757101731,0.00293427440580141,0.00241779614880278,0.00350546401841667,0.0036425337014947,0.0016450077734893,0.00144473899437392
2024-06-16 07:00:00,-0.000689554751620136,-0.00235549570090043,-0.00122749606247408,-0.000659630630778452,-0.0023503398072453,0,-0.00205308768407364,-0.003871284776786,-0.00100993107389025,-0.00376837526713025,-0.0019743343037173,-0.00401832896238963
2024-06-16 08:00:00,9.37084014029921e-05,-0.00236949950859078,0.0022492597152789,-0.00198150659286078,-0.00207842668696401,-0.00147537453536106,-0.00382409643840331,-0.00097016742996392,-0.00384706714133731,0.000629049526939873,-0.0102632915462126,-0.00387284653830444
2024-06-16 09:00:00,0.00207201507206101,8.44202440255515e-05,0.0111710311692611,-0.000330633165519068,0.00366896676848416,0.0010416667608566,0.00147253744764719,0.00290768317291501,0.00458778297601903,0.00163367928260349,-0.00233216830676497,-0.00016169455933035
2024-06-16 10:00:00,0.004602254952351,0.00430721688397817,0.00624184046070264,0.00511256988935394,0.00475649743835405,0.000953908930677816,0.0035985791413522,0.00265796942758656,0.00356123339585723,0.00163101472704241,0.00532270052389761,0.00274525808261994
2024-06-16 11:00:00,-0.00335532846568576,-0.00389084795258832,-0.00382102023468489,-0.00263548167699135,-0.00282359610481997,0,-0.00462912763152779,0.000964785410099034,0.00120659620484087,-0.00540507883685404,-0.00465581153619388,0.00289855275401152
2024-06-16 12:00:00,0.00157246653680332,0.00244968714833505,-0.00768612198125151,0.000659521870566948,0.000758333082427676,0.000519930687622683,0,0.00312913963352335,0.00687655011378041,-0.00201867340819906,0.00166527931906124,0.00160668415025622
2024-06-16 13:00:00,0.00247480704439873,0.0081039985228184,-0.00325401954813676,0.00444043160335639,0.00508662081072853,0.000173250173683304,0.00697224944748909,0.000960845618001693,-0.00226470489121766,0.000883671079405346,0.00133022966073693,0.00208483757657918
2024-06-16 14:00:00,-0.00365347407629279,-0.00376717596745024,-0.00306029005543562,-0.00262898606891593,0.00301225667626426,-8.66213348889033e-05,-0.00425095920122165,-0.00408998525152504,-0.00153491971808339,-0.0031595602903689,-0.00266223118967801,0.00591008828338468
2024-06-16 15:00:00,0.00290891675342841,0.00345541014559458,0.00326397678594936,0.00459619981808501,0.0151960050514468,0.00233614642263058,0.0059316932736635,0.00408998525152504,0.0121479140007721,0.00214958671632104,0.00664233594630481,0.0110865880563404
2024-06-16 16:00:00,-0.00180953515559601,0.00103513340758177,-0.00305966582395556,-0.000983123133420527,-0.00154970889755468,0.00233070156004889,-0.00131511672348195,-0.00216320238182499,-0.0053587505431052,-0.000252652856321589,-0.00497761107375183,0.000314960632525008
2024-06-16 17:00:00,-0.00021281035831322,-0.00112701152158401,-0.00245449090295047,-0.00147649932491856,-0.0024980602397422,0.00275529707632405,-0.00513084758234372,-0.00168573188625021,-0.000265375175709792,-0.00468562878426138,-0.00233139156391093,-0.000157467916237719
2024-06-16 18:00:00,0.000180073250799495,0.001624718326946,0.00184143274540272,0,0.00290256371724595,-0.000688112877659464,0.000734591967214149,0,0.00218724196560549,0.00177552361165478,-0.00904377291135949,-0.00315457674851527
2024-06-16 19:00:00,-0.000412909922035354,0.000455782188474529,0.00142988483151185,0,0.00282695214180517,0.000946033181715933,0.000734052737945357,0.0036088094019916,0.000661857195383586,-0.000253453302585527,0.0043646199890528,0.00567109270381616
2024-06-16 20:00:00,-0.000675833754996802,0.000622196317449308,-0.00224788078714355,0.000984575071331761,0.0010076921345803,-0.000257920304056469,-0.00102782477296048,-0.000961076479550571,0.00125632310636092,-0.00126823098799544,0.000334952272433409,0.00407587960407252
2024-06-16 21:00:00,0.000111994245566294,-0.00136711878823803,0,-0.00197012048618816,0.00194533014559184,0.00146066958994195,-0.00139659694132566,-0.000962001036190818,-0.00218304588401041,-0.00165110852268224,-0.00134048277445187,-0.00203586320415527
2024-06-16 22:00:00,0.00346621421812365,0.00893021259378557,0.00102239043769237,0.00360892780150657,0.00787668447237166,0.00530914074607258,0.0073287246306073,0.00384246390154508,0.00277759586023585,0.00342618189355015,0.00701757265864655,0.000783514887689352
2024-06-16 23:00:00,-0.00118591491290587,-0.00115813839461332,-0.000408830749766498,0.000163733115388531,0.00596620927857039,0.00179188579879641,0.00131348530267572,-0.000959232687460232,0.000132074225906997,0.000506585623802458,0.00166361708639995,0.00187793482420018
2024-06-17 00:00:00,-0.00139440847027927,-0.00178394935165649,-0.00102280872167138,-0.00131061617712014,-0.00550089202352311,0.00476272375033782,0.00138458757772852,0,-0.00390354129599713,0.000759397581108878,0.00199269411671033,-0.00360247863955077
2024-06-17 01:00:00,-0.00167898992230953,-0.00181205828802789,-0.00389624198423144,-0.00361307668466449,-0.00995166002265702,0.000848104537308103,-0.00679553965070734,-0.00360533980244937,-0.0069181410757797,-0.00494642393532541,-0.0116804264731583,-0.00345803551131918
2024-06-17 02:00:00,-0.00193108916846185,-0.00444582084833911,0.000410846349246596,-0.00164663300831602,-0.0023520725873265,-0.000848104537308103,-0.00507186209796062,-0.00337675188202113,-0.00421419400227352,-0.000127153665376412,-0.00775067064519019,-0.00473485733067625
2024-06-17 03:00:00,-0.00184089458911707,-0.00371442572790492,0.00471264062436205,-0.00280551384610117,-0.00858142365380665,-0.00792201425754024,-0.00591280362711322,-0.00387315904183239,-0.00800892661326058,-0.00497164641864778,-0.00508734351409723,-0.00221729580864727
2024-06-17 04:00:00,0.00340514694453553,0.00227543438770184,0.00122574070505011,0.00132122232266774,0.00757169653089385,0.00281822638384188,0.00369959726446445,0.00266440753481356,0.00700292404694514,-0.000767067283840461,0.00779004786198234,0.00364010847457053
2024-06-17 05:00:00,-0.00144970450730142,-0.00452527987386375,0.00366823317381237,-0.00082555936332529,-0.00350830207363728,-0.000341180487786197,-0.00481215068906793,-0.00484967002881109,-0.00761125824394737,-0.00204839400775292,-0.00405680069561409,-0.00459188519616638
2024-06-17 06:00:00,-0.00330938327618746,-0.00623934595608233,-0.0110453158098567,-0.00248077527376278,-0.0104627627457568,-8.53133131939465e-05,-0.00804713380572464,-0.00585082117605506,-0.00569570294867816,-0.00410941890751904,-0.0091884260544064,-0.00860700244848567
2024-06-17 07:00:00,0.000598619564920355,0.00025617746763551,0.0269875362065851,-0.000165604041116652,0.00129679573167696,0.00468145724547719,0.000972071710746203,0.00341713781375796,0.0048840145924256,0.00628569833011472,-0.00411100270652209,0.00431276125705371
2024-06-17 08:00:00,0.000340116245672206,-0.00233335505777887,-0.00804024431856554,-0.00315169871901322,-0.00499163400969405,-0.00647472018281015,-0.00659870420773467,-0.00881062968215485,-0.00917718279333579,-0.00564248739908191,-0.00447274098486927,-0.00880498764673421
2024-06-17 09:00:00,-0.00716258690041727,-0.00906648163521595,0.00784002407563023,-0.00750441277171632,-0.0101278898020052,-0.00222469502211098,0.00390449512404301,-0.00492854620114902,-0.0137525374540903,-0.00102933616911383,-0.0103987072208986,-0.00435098583432625
2024-06-17 10:00:00,0.00255174283570447,0.00192843793764119,-0.00140266529359612,-0.00251403802907557,-0.0077859274099632,0.00119852766679873,0.00202133701613771,0.00148111604464374,-0.00715703294755565,-0.00361104338738816,0.000348371367397071,-0.000807819738574356
2024-06-17 11:00:00,-0.00110548257671539,0.00239540786786385,0.000400962314914932,0.00552256445007604,0.00452599735114756,-0.000599084274838901,0.00477505943492584,-0.00148111604464374,-0.000627812095539859,-0.00258732356495095,-0.00174307173294697,0.00290510210771888
2024-06-17 12:00:00,-0.00292432905628459,-0.00138432276822265,0.00917803729162514,0.000667334025433064,-0.00445621124553242,0.000770185310417837,-0.000670116550894662,-0.00495295712884858,-0.00363509662777606,0.00168252159021343,-0.0045462571746171,-0.00129011467660023
2024-06-17 13:00:00,-0.00649725098590004,-0.00790855890730491,-0.00298359246688762,-0.00468071733889186,-0.00587907628391804,0.000342114269501703,-0.0141016438198287,-0.00647573869477425,-0.00759230360542507,-0.00570614957685489,-0.0102167526003671,-0.00907770863270829
2024-06-17 14:00:00,0.00417791614100338,0.00868889449118626,0.0242066330891413,0.00850926966417465,0.00713439411387373,0.00332949468800781,0.00685063092514993,0.00746829460752585,0.0099705923593465,0.00389408591767371,0.00494525910685528,0.00746272120158964
2024-06-17 15:00:00,-0.00160469636542615,-0.00804246541712317,-0.00957319023551395,-0.00767181881546541,-0.0158058855831094,-0.00196220683186077,-0.0284602986078077,-0.00746829460752585,-0.00153824670242209,-0.0101563373022877,-0.0109832813581057,-0.0131784222361657
2024-06-17 16:00:00,0.00807524995185815,0.00804530189019559,0.00391850031172958,0.00750566445768452,0.0145505677531537,0.000341530057964778,0.0036213777682037,0.0106873143489135,0.0143117629691027,0.00522126235111564,0.00355619151449016,0.00961624230362168
2024-06-17 17:00:00,0.0107057888475612,0.00810489611921739,0.00682064419500961,0.00695482187336971,0.00992960281538746,0.0017911216353963,0.0123826392988167,0.0156981393908175,0.0138377327910901,0.00739350926177629,0.0165467602041636,0.00388538614091671
2024-06-17 18:00:00,0.00739221948446023,0.00190578511073269,0.00465026995737361,0.00625104848483993,0.0114043555338066,0.00178791925368404,0.0166488458912224,0.0111327384061388,0.00799570596674704,0.00746752536699269,0.0258501383383813,0.0118857807860515
2024-06-17 19:00:00,-0.00612124461110675,-0.00195924442047257,0.00135226525001375,-0.0024628532274944,-0.0125104738629691,-0.00246987307774349,-0.009684396848054,-0.00700401365835135,-0.00860818004081176,-0.00617603610056427,-0.0126692329747842,-0.00223785259633136
2024-06-17 20:00:00,-0.00441882385043257,-0.0110910737119081,-0.0163491380015294,-0.00345821670295709,-0.0111290012792784,-0.00170692198139211,-0.01957784869838,-0.0124376679562341,-0.00443459706786564,-0.007904155177755,-0.0138794733277372,-0.0149942349703118
2024-06-17 21:00:00,0.00261803681973305,0.00266799040489296,0.000196213088042407,0.000659630630778452,0.00153760164484229,-0.00128210624853598,-0.000384718967542774,0.00122624172324426,-0.00123152724924669,0.000390193150558105,0,-0.00374318933278595
2024-06-17 22:00:00,0.00126099635408217,-5.39143981370671e-05,-0.00550857186769238,-0.000659630630778452,0.00439009798843326,-0.000342172800601226,0.000692387610843781,-0.0105951465452665,0.00198338128828679,-0.000780538611242498,0.00139664827172092,-0.000815594205556547
2024-06-17 23:00:00,-0.00227800675454404,-0.00356764034568435,-0.00434955213208699,-0.00313920125618949,-0.00383155576906713,-0.000855944587052182,-0.00958202215865001,-0.00596275058602413,-0.00775064753129318,-0.00325881797885419,-0.00665152111007927,-0.00967458558457213
2024-06-18 00:00:00,-0.0114075393574105,-0.0111052752526106,0,-0.00580866291758841,-0.0122899120537507,-0.00351705273540626,-0.0153355638252406,-0.00650002288556162,0.000206547558309289,-0.00392465181936341,-0.0095289233458784,-0.00561799230422322
2024-06-18 01:00:00,-0.00941298619354036,-0.0186777893457286,-0.0429128784528677,-0.0210250785795143,-0.0648023584645454,-0.0171611075824032,-0.0660798276602677,-0.0714682534752639,-0.0765893630051071,-0.047650428543295,-0.0793042097446919,-0.0660973162063698
2024-06-18 02:00:00,0.00510623428901447,0.00618021642537769,0.0147816282025087,0.0104836942604258,0.0157825184021219,-0.00122463276326812,0.0250376980024347,0.015769403352266,0.0153406651774817,0.00575738396382164,0.0122092321658194,0.0137132950685952
2024-06-18 03:00:00,0.000497375579124437,0.00348708271173592,-0.00142755199118549,-0.00033647375822099,0.00643564746658942,0.00166163840759559,0.000574877854291778,0.00502580081811488,0.0054742664353391,-0.000546896376770079,0.00529501993573867,0.00643984472555537
2024-06-18 04:00:00,0.00113233576504968,0.00129799815829124,0.00285306898240645,0.00252079790656623,0.00873624467632617,8.73782166661563e-05,0,0.00131839175325832,0.0022539726705455,0.00409445092279359,-0.000377287308757523,0.00190657827058161
2024-06-18 05:00:00,0.000332392523251457,-0.000319261637621082,0.00203293422321971,-0.0018479635666333,-0.00226848730700802,0.00183318108166075,-0.00123228604626524,-0.000790826454817983,-0.00290930454676763,0.000136193394830286,0.00451807997478903,-0.000346380329060647
2024-06-18 06:00:00,-0.00146472828830113,-0.00210386910408822,-0.00672442676498697,-0.00404381342962878,-0.00300818305278838,8.72105699762926e-05,0.00320079061893708,-0.00449320169178724,-0.00665036981700684,-0.00300054780496772,-0.00263306527901763,0.00965358298461605
2024-06-18 07:00:00,0.00263027824133744,0.00183386836212307,0.0234401517905877,0.00185544457380171,0.00454546237167452,0.00330837843116205,0.0055564777704773,0.00528402814660522,0.00643183038798201,0.0017741389846293,0.00263306527901763,0.00547477843087951
2024-06-18 08:00:00,0.00083744271638686,0.00128837951888094,0.0127011034650742,-0.00118033906292858,0.0138023402813614,0.000955649262600389,0.00203508556540966,0.0044695749443624,0.00421665473918553,0.00489663655211103,0.000751032705222698,0.0113666504994936
2024-06-18 09:00:00,-0.00392706308038626,-0.00494782834449126,-0.018710736936465,-0.00898235002927272,-0.00942309089160176,-0.00130338463948521,-0.011038993492392,-0.0100185388455971,-0.00793915091758368,-0.00489663655211103,-0.00904983551991778,-0.0105139174385265
2024-06-18 10:00:00,-0.000525570225223149,-0.00157202699861259,0.00020090406898321,-0.00170386819207824,0.00261837374119178,0.00112969814317365,-0.00205769857369331,-0.00451468035452673,-0.00329610259960367,-0.00368827684005435,-0.0056980211146378,0.00374341087131591
2024-06-18 11:00:00,-0.00106298468926269,-0.00347655577926353,-0.00382409643840342,-0.00478633392381056,-0.00371138948013261,0.0013886480273495,-0.00694504651801831,-0.00239840221565602,0.000953323872296075,-0.00783132394249719,-0.00918490957707263,-0.00357295148285242
2024-06-18 12:00:00,-0.00205286602242616,-0.0018352502087513,-0.00424371658400902,-0.00394884194132583,-0.00797866839195205,-0.00217061079363834,-0.00382377855762561,-0.00481413072045167,-0.008612810427989,-0.00775412359315108,-0.000384541439077957,-0.00341472075018911
2024-06-18 13:00:00,-0.00596499430230502,-0.00465303168374476,-0.00874611494051414,-0.00534714512505907,-0.0133167611181504,-0.00191404269327711,-0.00735604754800923,-0.0107817756032883,-0.0175266447135525,-0.00543593226501748,-0.0084975405104406,-0.0203877137670929
2024-06-18 14:00:00,-0.00324395187421622,0.00269680815623374,-0.0125399937011824,0.00500302949881348,0.00653257463783952,0,-0.0035300087084682,0.00405680069561443,0.00555223515168635,0.00390571008424967,0.0138677106850342,0.00990021112750261
2024-06-18 15:00:00,0.00111349950530126,0.00668700844957471,0.00330442266810049,0.00240632635879567,0.00634313972220557,0.00139239427247562,0.00529035117235255,0.0118058790057247,0.0158114862885732,0.00347439721337217,0.00534148542033419,0.00241671099843033
2024-06-18 16:00:00,-7.74301295862756e-05,-0.000233671476493669,-0.00745036558851153,-0.00292272192926912,-0.00938141691214778,0.00182458020121734,0.00301053915287142,-0.00267094175879823,-0.00820858741155073,-0.00500696456315008,-0.00840662191971076,-0.0112701669710396
2024-06-18 17:00:00,-0.00140730521075127,-0.00415971420371797,-0.00145515044905653,-0.00224080073077992,-0.0148793354104661,0.000520697746729581,-0.00334560365592251,-0.00886506813180876,-0.00334709673185696,-0.00587332131668195,-0.00925218627820268,-0.00998869253055457
2024-06-18 18:00:00,0.00105206981332806,-0.00208489408796098,-0.00166562603571518,-0.00034518467722755,-0.00362237208409244,-0.000954819741826096,0.00117223491611496,-0.00135007445914914,-0.00567843725463302,0.00377966433025634,0.000387221689252648,-0.00973372874071488
2024-06-18 19:00:00,-0.00411836647108821,0.00626213554656019,0.00519589654877584,0.00241379427542565,0.00655591813460177,0.000520923783267957,0.00791835768931515,0.0107499019619902,0.0190736421698783,0.00292989396895482,0.0153671867710332,0.00990983158523084
2024-06-18 20:00:00,0.0081071224026239,0.0113079905461273,0.00990107098271165,0.00959733159216469,0.0271187990158932,0.000954322720239098,0.0096667006310831,0.0122211935536487,0.00805393136642385,0.0076330951417285,0.0121259538091656,0.00963820656588266
2024-06-18 21:00:00,0.00435645370058957,0.00322683714280458,0.00470974557487769,0.00357538475711383,0.00764613228135502,0.00173280237431461,0.0050848957262466,0.00579253857680928,0.0138322805053193,0.00289915299356647,0.0011293055971513,0.00695171377956516
2024-06-18 22:00:00,0.000919080454037768,0.00198456134438985,0.00346691486236772,0.00152840311658497,-0.00152455654052641,0.000173115208603747,0.000735985640614611,0.00497578609424076,-0.00143947052349613,0.0020656896417881,0,0.00086557609489768
2024-06-18 23:00:00,-0.00160468780397949,0.00089894616828623,-0.000407249038412161,-0.00118855604449575,-0.00167242358559605,-0.000865875887504419,-0.000654182703843542,0.00234833767410747,0.00731973128213514,-0.000412796703488816,0.000752162502554388,-0.00138528160681162
2024-06-19 00:00:00,-0.000503077639416816,0.00302977984256891,0.00568644911655858,0.00356143851381763,0.00406711287625861,-0.000259909033301753,0.0022061536095932,0.00156250031789151,0.00306978645496025,0.00603733996267763,0.00412681133421566,0.0051849407550979
2024-06-19 01:00:00,-0.00164313351348255,0.0067914445575461,-0.000810372815822857,0.00118433310518728,0.00014494854352165,0.0010392310626135,0.00974666585229444,0.00570837045667849,0.0107764247425735,0.00831010844546398,0.00299065643464802,0.00155025437989242
2024-06-19 02:00:00,0.00448515762179014,0.00620335847359499,0.00283343642307654,0.00741243286080451,0.00822752909032243,0.00380130047368477,0.012929310806562,0.00824534431718693,0.000704920373191698,0.011733899549478,0.00409760305127582,0.00634813832971393
2024-06-19 03:00:00,0.00116360253786318,0.0073857367212451,0.00161550923665454,0.00385292377132984,0.00730452975701113,0.00120648067030293,0.0031069533059358,0.0066496408708433,0.0010564497232175,0.00107209873576242,0.00408088119673122,0.0015380674654768
2024-06-19 04:00:00,0.000329589126421226,-0.00147335155135764,-0.00282885620047779,0.00217119083205119,0.00334793916021869,0.00129104463428975,0.00254210495970719,0.00381631298951823,0.00610549635136026,-0.000669927003014159,0.00516987857541995,0.00460005922330842
2024-06-19 05:00:00,-0.000190616458329629,-0.00295604819486428,-0.00303982400459213,0.00249937645731979,-0.00491891920339338,0.000687876209410909,-0.00604808464658113,0.00430762100268345,-0.000349882792834766,-0.00604962522582397,0,0.00186804843318411
2024-06-19 06:00:00,0.00285315217057658,0.00318631477156472,-0.00284553037531487,0.00713045057431838,0.0118638836919969,0.00163181210255647,0.00326732569425303,0.00126342404677204,0.00676597286936786,0.00228971747960305,0.0080704766726436,0.00928825389026566
2024-06-19 07:00:00,-0.00417180026109421,-0.00484112516318902,0.00081383524329115,-0.00248159611181986,-0.0115066259982255,0.00453787327790289,-0.00183157526814881,-0.00887767403201745,0.00118108882316381,-0.0041793117791924,-0.00109669175678429,0.0025182586967234
2024-06-19 08:00:00,-0.0021913907376252,-0.0036830996596926,-0.00325932250239203,-0.00781578768693159,-0.0087537331598444,-0.000854627861606616,-0.00888681241918343,-0.00972869936428566,-0.0101892150982215,-0.00365433173808061,-0.00881710341014852,-0.00369561986207612
2024-06-19 09:00:00,0.00188151625727428,0.000744497335938732,0.00549396030380833,-0.000333945569976457,-0.00151455079256202,-0.00256827467597676,0.00689215743144267,-0.00154479948331687,0.00413006782162473,0.00189650558062659,0.00221157480484013,0.00352793310055288
2024-06-19 10:00:00,0.00326157077525124,0.00735846791461015,0.00182463304550717,0.00732116414827377,0.00625968874926564,0.00179848461957421,0.00509839390046851,0.00385753339351946,0.00522558234919801,0.000946905718367752,0.0120769994866592,0.00384969928953849
2024-06-19 11:00:00,-0.0047426081397024,-0.00649859831289135,-0.00263665095451882,-0.0104992215191428,-0.0105271719896125,-0.0035143395360917,-0.0160195656459563,-0.010838815788114,-0.00767356398783825,-0.00569493064579785,-0.0117088787388981,-0.0139627131719551
2024-06-19 12:00:00,-0.000272848138239468,0.00284022924043725,0.00567032706008785,0.00234270522138225,0.00361768718123923,0.00308642220318944,0.00402901431404512,0.00414293704951574,-0.0011210763505991,0.0033937451971493,0.00623740785754734,-0.000169419737804599
2024-06-19 13:00:00,-0.00156567575281486,-0.00183704014560426,-0.00567032706008785,0.000167126264281059,-0.00710302326824674,0.000513478830280523,-0.00402901431404512,-0.00181042335754633,-0.00196491291289291,0.00230118544864855,-0.00073179659321454,-0.00628879441530872
2024-06-19 14:00:00,-0.00212546403426472,-0.00568767554609728,-0.00182945472307716,-0.00889640781558576,-0.0081800047119307,-0.002999016857272,-0.0155420354556983,-0.00519077210143737,-0.00761532378634211,-0.00203018273696287,-0.00734757163039435,-0.00924980901247041
2024-06-19 15:00:00,-0.000462294160675114,0.00251925747096315,0.00203252102492235,-0.00185638396067578,0.00409836639228267,0.000600523331220071,0.00180254043070693,-0.00234466695925395,0.00459024145551679,0.00216538181781534,0.00110558330774957,-0.000516395570473449
2024-06-19 16:00:00,4.00479774853579e-06,0.00496880685836132,0.00202839826139267,0.0045504418285427,-0.000146081367581097,8.57596158496676e-05,0.00432918789271408,0.00390472967815625,0.00351667263532818,-0.000676178266347804,0.00110436234305311,0.00172028255051471
2024-06-19 17:00:00,0.00248803551260046,0.0042005106306604,0.00807269772511121,0.00770523075159169,0.00713300935426098,-0.000686282947069738,0.00666127564683183,0.0064741906831951,0.00950325089315474,0.00351114472801672,0.00367242425226388,0.00548510117075529
2024-06-19 18:00:00,-0.00170679064530077,-0.00211633747574069,-0.0014080259793785,0.00033366700342885,-0.00174216071938549,-0.00120212963128674,-0.000242924815964329,-0.000258164452189069,0.00243114765664565,-0.000404503477503759,-0.00110031186600823,0.000512689065318872
2024-06-19 19:00:00,-0.0014014093856165,-0.00224771098609544,-0.00161160389434156,0,-0.00707231995257018,-0.000515641125209854,-0.0064183508308675,-0.00232648418234349,-0.00263980702099165,0.00161703309726402,-0.00515085759867917,-0.00410889124567127
2024-06-19 20:00:00,-0.000111747541303942,0.00189033044095765,-0.00323102058144642,0.00166666705246943,-0.0094097584696895,-0.00103208059389282,-0.000407614239532617,0.00129315936810437,0.000973371418018676,0.000134634803299782,-0.00221565821808323,0.000514535642944347
2024-06-19 21:00:00,0.0019960101835359,0.00471725477438056,-0.000606980291776749,0.000832293015169405,0.00280277510517024,-0.00111929065884997,0.00374379862684915,-0.00129315936810437,0.00104184763721538,-0.00067335535504931,0.00258445777970406,0.00496024278793517
2024-06-19 22:00:00,-0.0025934933555618,-0.0035892674930178,-0.00182315456151494,-0.00483697048469622,-0.00783795790171293,-0.00146558067527902,-0.00684710858982829,-0.00753348153105204,-0.00724590364569355,-0.00567415734749499,-0.00740195829566748,-0.00960062234443737
2024-06-19 23:00:00,0.00213172555839059,0.000983488710145863,0.000202736949503235,0.00200434341362854,0.00673253754521941,-0.000776766103009585,0.00171617743261665,0.0023440562888265,0.00307198454252999,-0.000542078885749753,0.000742666205690856,-0.0010341262555511
2024-06-20 00:00:00,0.0019010959473178,0.000707513428750417,0.000405350633843726,-0.00300802365847375,-0.00258407615459344,0.000604203548655757,-0.000408346610272226,0.00259807888412866,0.00160206212651559,0.000813008174863405,0.00111296616942047,0.0017229501160918
2024-06-20 01:00:00,0.000929703651205926,-0.00101650566707789,0.00101265831438624,0.00267424528421323,-0.00162770086247832,0.000862515147485254,0.0028549307698249,0.00440130160333629,0.00111296616942047,0.00311042241439186,0.0037009664745713,0.00515111029100512
2024-06-20 02:00:00,0.000596673696193761,-0.00208397566214735,-0.00202634314523242,-0.0028416233078703,-0.00445269752375044,-0.00146671869614101,-0.00301831611452297,-0.000516795877135046,-0.000695458683013239,-0.00162162197698024,-0.00518519680270257,-0.00222889076415789
2024-06-20 03:00:00,-0.000114428199651684,0.000464419167748531,0.00081103005256622,0.00133824041383868,-0.0103922284011322,0.00129427517096792,0.00301831611452297,0.00283907791680615,-0.000626326614998174,0.00202661692007933,-0.00111462021571418,-0.00120223286270993
2024-06-20 04:00:00,0.00177813926203285,0.00484242056213446,0.000810372815822857,0.00433695425407699,0.00920148627934214,0.00163701410787409,0.00706143107116697,0.006166514915664,0.00790463136803154,0.000809498155375898,0.0147604155831211,0.0070211779143885
2024-06-20 05:00:00,0.00317872298479038,0.00286910541526808,0.00323494014418002,0.00282556491488517,0.0128002931544087,0.00111852022846604,0.00564563157727571,0.00357965097150281,0.00441045439628862,0.00202088313977189,0.0141846349919561,0.00595493040041295
2024-06-20 06:00:00,-0.000743477031390327,-0.000251346801260155,-0.00343747179044196,0.00198972043757095,-0.00353513403952554,0.00128904757247073,-0.00056313102328831,-0.0028115034494155,0.00212934105251739,0.00040368701348914,-0.00180733828340118,0.00118674253141338
2024-06-20 07:00:00,0.00599434892026096,0.00768214703530035,0.0120798730853421,0.00297717719076651,0.0120271323632082,0.00205902612209829,0.01319016685119,0.00637838621198661,0.0109186290125316,0.003625868472513,0.0182833556862301,0.00591267876779078
2024-06-20 08:00:00,-0.00255736631513947,-0.00570658972108973,-0.00340784132550642,-0.00430321749778795,0.00327499292026623,0.000856677855870736,-0.00166911774235334,-0.00407747761665611,-0.00517148675696344,-0.00322234435647228,-0.000710732083933685,-0.00659064489545402
2024-06-20 09:00:00,0.000446843649143602,-0.00184708327835637,-0.00584031465727552,-0.0019923632690535,-0.0018181162057056,-0.00214307227021982,-0.000477402937138383,-0.000766381439988639,-0.00348539563498518,-0.00255840710477617,-0.00320456033537608,-0.00186678034696008
2024-06-20 10:00:00,0.00742066513478257,0.00674400350554016,0.00904801588404525,0.00662583176059606,0.013591880728665,0,0.00871637848169105,0.0083980643721483,0.00933535449884859,0.0077894565223291,0.018375075304994,0.00457589138416115
2024-06-20 11:00:00,-0.000598885010075989,-0.00166854335486555,0.00279832283344217,-0.00446761725971623,0.000574300087571977,0.00214307227021982,-0.00221151657940766,-0.00202942738348988,-0.0059181833223585,0.00427179931411459,-0.00597016698650377,-0.0037269228299015
2024-06-20 12:00:00,-0.00287340689373572,-0.00265430004730405,-0.0031987232391919,-0.00199203253124125,-0.00778101908485418,0.00239480100768308,-0.00905486726845384,-0.00636863698865842,-0.00170712595659905,-0.000266453505439301,-0.0116918958105652,-0.0105784982379829
2024-06-20 13:00:00,-0.0127720336098882,-0.0163019917431111,-0.00542115573236812,-0.00549863919791704,-0.0240093512018582,-0.00393734994668282,-0.0116369035184287,-0.0115667656372275,-0.00913122955750767,0.000266453505439301,-0.0205227724971602,-0.0162548970650818
2024-06-20 14:00:00,-0.0029306371496638,-0.00286986556611879,-0.0036305001554644,-0.00284447610847671,-0.00296780155508802,-0.000600523331220071,-0.00347713931381355,-0.01039510400034,-0.00532486303648882,-0.0116568614115762,-0.00693559998624016,-0.00524385050601106
2024-06-20 15:00:00,-0.0018614117750424,-0.00416344148874082,-0.00547058400088485,-0.0011736106636695,-0.00978167216853709,0.00137209523284421,-0.0068276295468932,-0.00313972000466767,-0.00591121023043728,-0.00526992639137358,0.000366233294699203,-0.00933187509815459
2024-06-20 16:00:00,0.000875275063293657,0.00271688221390143,-0.00183019878235291,0.000670803312089241,0.000300097533949994,0.000770977037375609,0.00642252522699183,0.00209424160311478,-0.00139596588594015,0.0024357251554985,0.00547746485421152,0.0035317006512765
2024-06-20 17:00:00,0.00126322595873418,0.00192638870326789,0.00284553037531487,-0.00605349082464812,0.0105213073684309,-8.56347677680169e-05,0.00927613023690199,0.00962922209294437,0.00230229982743957,0.00498821391578375,0.00797973040964362,0.00334360188317584
2024-06-20 18:00:00,0.0022445155915598,0.00121416043533706,-0.00182833976782526,0.00151681161633732,-0.00349481710504218,0.00059928943191645,0.000561865407886497,0.00387747674642047,0.0107434753677373,0.00589972212718859,0.000361206433401762,0.00543146319935928
2024-06-20 19:00:00,-0.00101424335982259,0.00266145104167492,-0.00101719060748962,-0.0011795434849784,0,0.000513390958482685,0.000561549892418967,-0.000516129043715563,0.000551381914858151,0.00253688633286586,0.00396468351372104,0.000698689984754974
2024-06-20 20:00:00,0.000768190646166289,-0.00301306549438252,0,0.000168591419095421,7.44851216314402e-05,-0.000171101035578935,-8.02021093586625e-05,-0.00284348130066003,-0.00663673365845874,-0.00253688633286586,-0.0043258899471228,-0.00595448344277538
2024-06-20 21:00:00,-0.000761119187695058,-0.00260409048770072,-0.00407914087952466,-0.000843241469984157,-0.0042545315155742,-0.00102722145652967,-0.00369626776797904,-0.000776900207404618,-0.00647161369358074,-0.0038845404147958,-0.0018079918141436,-0.00404823222928408
2024-06-20 22:00:00,-0.000930633860155794,0.00077597274061425,-0.000204394482060666,-0.00151962882768331,0.00171891974613381,0.00111277563376477,0.00337539499128114,-0.00259403517704671,-0.000698372819780246,0.00294827337656311,0,-0.000352795911226833
2024-06-20 23:00:00,-0.0018475294863407,-0.00183431238431453,-0.000817995955631701,-0.00695212634750408,-0.00276666718519536,-0.000855871329204838,-0.000722340414248901,-0.00155965719164675,-0.00413035695177033,-0.000535403573223903,-0.0018112665701695,-0.00459770924862934
2024-06-21 00:00:00,-0.000585804444272142,-0.00384446933349381,-0.00225294514137864,-0.00477572116962488,-0.00405162619076549,-0.00257201787878847,-0.00676712483344932,-0.00704871734495349,-0.00916144533213092,-0.00429357965376642,-0.00800877961080593,-0.00604446284751581
2024-06-21 01:00:00,0.00209522450998278,0.00802577094526846,0.00511300837800532,0.00443535356933378,0.00957732722787963,0.00197247180284465,0.011732696465192,0.0130142388620674,0.0130123165358551,0.00107512441480928,0.0141537474380939,0.0143403360362215
2024-06-21 02:00:00,-0.00280500250271665,-0.0054430990855483,-0.00286006323662669,-0.00153308947496367,-0.00950214773680891,0.000856384397633025,-0.00713572881508551,-0.00103492894101587,-0.00392102448868092,-0.00161312039281558,0,-0.0031690167366194
2024-06-21 03:00:00,-0.00432911756394994,-0.00212558123354611,-0.00081866562083599,-0.000170488449819928,-0.00255927877742312,-0.000171218218036451,-0.00290088841623337,0.00206878791136689,-0.00245847066544158,-0.00228971747960305,0.00108049713375413,0.00439870507778362
2024-06-21 04:00:00,0.00253700238896748,0.00455945164656413,0.00490197060020681,0.00187377620619156,0.00308537701961242,0.000855798083895909,0.00563291100746266,0.00848879695533511,0.00651924779218094,0.00282771345760935,0.00717363191113751,0.00612586145992577
2024-06-21 05:00:00,-0.000131909117129681,0.000488905827149111,-0.00122324174274413,-0.000340425535202193,-0.000300593674766425,0.00102599188206742,-0.00224935827488437,-0.00205128277055744,-0.00216836373562224,-0.00309743699262288,-0.00465700286404225,-0.00244584328776609
2024-06-21 06:00:00,-0.000523323283330157,-0.00194566979314814,0.00183430195118661,-0.00204499048772799,-0.0036896243053901,0.00145168891042058,-0.00152923688701589,-0.00437299732245855,-0.0057584428785753,-0.00432550012073385,-0.00431810674560618,-0.00526132395717149
2024-06-21 07:00:00,-0.00661358327633188,-0.0106139755399557,-0.00101864122080997,-0.00461657655018133,-0.00856098262439087,-0.000853679409877461,-0.00524935588614373,-0.00361570641844489,0.00764728180455077,-0.0103486762347158,-0.00325086072821756,-0.00458231327013991
2024-06-21 08:00:00,-0.00879205314773301,-0.00451665958757985,-0.00942050792389515,-0.00601634818614549,-0.00963310201554801,-0.00616809974064791,-0.00984588286675336,-0.0145949945429182,-0.0145731045416784,-0.00659161958221155,-0.00981647584688128,-0.0140534199403923
2024-06-21 09:00:00,0.00720781729264708,0.0158194482046472,0.00226081691200319,0.0104623199419187,0.0166841945750429,0.00488621262753908,0.0171872897251211,0.0140773961876771,0.0238256662893352,0.00782272568120845,0.0137883171398556,0.017228025781165
2024-06-21 10:00:00,-0.00318728930294654,-0.005151959636434,0.00858549836210565,-0.00204953103340344,-0.00219339799769891,0.00460712358289506,-0.001045478401553,-0.00363070938253507,0.006832088960945,-0.00410959482491968,0,-0.00458878320214184
2024-06-21 11:00:00,-0.00197421429649758,0.00193723755736208,0.00548057801331991,0.00222013582781155,7.57145561598449e-05,0.00746272120158942,0.00168830686884824,-0.00025984149814906,-0.00130759455677287,0.00424629088145156,0.00215982805343007,0.00775334280510487
2024-06-21 12:00:00,0.000899548241072523,-0.00211743706444523,-0.00976411337490524,-0.00256213309516706,-0.00638009151897201,-0.00118353213578537,-0.00855119763785739,-0.00442766708494813,-0.00628650476282111,0.000136677373273386,-0.0086674432101681,-0.00545631908993371
2024-06-21 13:00:00,-0.00332981587080816,-0.00568290108716063,-0.00779811052051627,-0.00789839270960613,-0.00803278618359471,0.00143696402732108,-0.012801348935489,-0.0134018560870156,-0.0115704922249402,-0.00878523152061739,-0.0164567619635108,-0.00939806544826238
2024-06-21 14:00:00,0.00950631796961154,0.0109353871180353,0.0133021505087931,0.00960721062371839,0.0209781957797226,0.00160357885567697,0.0148247400187635,0.0115729855576586,0.0136473361697798,0.0105603395172844,0.0211609501210979,0.0138006436609244
2024-06-21 15:00:00,-0.00767180562474579,-0.00611961378907999,-0.012684294449595,-0.00444901486762639,-0.0117270116385182,-0.000337381919529367,-0.00714056912606997,-0.00550676624303226,-0.0105673953338474,-0.0032795875254692,-0.0101597390591244,-0.00705345897328047
2024-06-21 16:00:00,-0.001173253997095,-0.0010942831962204,-0.00702482227677304,0,-0.00388883024688269,-0.00135066709711351,0.00471200806845085,-0.000526038939010931,-0.0140768090229657,0.00259722653004069,-0.00438597194325396,-0.003367901791965
2024-06-21 17:00:00,0.000215977073656504,-0.00293353827780862,-0.0039472368690977,-0.00154466691658772,-0.0134601886053067,-0.00338467068764947,-0.0056081749784016,-0.0129751588631335,-0.00590056096504554,-0.00712429373072787,-0.00772204609391069,-0.00873835252751798
2024-06-21 18:00:00,0.00783730620115008,0.0129293864962854,0.00829192147310875,0.0066763921708608,0.0251571167405524,0.00270865240941198,0.0141628232263451,0.0116588496037032,0.0120483385161743,0.0139270410534804,0.0190133698450596,0.0117522720149017
2024-06-21 19:00:00,0.000934550247988497,0.00324104393654956,0.00350335237247257,0.000341180487785309,0.00158448744811146,0.00109829774906256,-0.00201102106949502,-0.00343053509678915,-0.00458959322849806,0.00459957520863608,-0.0010871535769077,-0.00479106585878486
2024-06-21 20:00:00,-0.000490374216422396,-0.00366962490020839,0.00184975903118001,0.000511552573181362,0.00578840180372975,-0.000337809309859161,0.00233240947014002,0.00211249088330545,-0.00810066250240071,-0.000404994943099091,0.0010871535769077,0.00106666676780254
2024-06-21 21:00:00,-0.0018098776464317,-0.00136075507381683,-0.0016440612005667,0.00085200652678985,0.00284431329481283,-0.000422422174996662,-0.00547770017958582,-0.00475939555202431,-0.00795104650810741,-0.0025687839448203,-0.00253853264155435,-0.0026688032920803
2024-06-21 22:00:00,0.00110090938676954,0.00166447048062501,0.00798939003347865,-0.00153413479334841,0.0077433191604559,0.00143550795180936,0.00209795929447587,0.000529941718814597,0.000790769603767227,0.00310874076139544,-0.00145348862798311,0.000712377590233348
2024-06-21 23:00:00,-0.000178645781277353,-0.00143991777303931,-0.00245148233090187,-0.000170604794408113,-0.00170730843535605,-0.00135100924036458,0.000966806391775155,-0.00398142529918488,-0.00489843941578716,0.000944223446425418,-0.000727537318377269,-0.0010687567814609
2024-06-22 00:00:00,-0.00135865823739678,-0.00488901005733666,0.00102218142397137,-0.00633292659990747,-0.00760686791313692,-0.00186062299956413,-0.00662521612172728,-0.00988916251122329,-0.00506770070290408,-0.0031058022399808,-0.0113450439158922,-0.0103906345093647
2024-06-22 01:00:00,0.00137066248814932,0.000479701223870421,-0.000613183463259781,0.000343347642857594,0.000823137697540943,-0.000762162885689754,0.00299486241086511,0.00642572492097038,0.0024646623567417,-0.00148880043741162,0.00404040953700502,0.00449196694582721
2024-06-22 02:00:00,0.00247680642264037,0.000670624804863351,-0.00225156169216434,0.00222889076415811,0.00908420245569452,8.47134567831809e-05,0.00419389275085358,0.00372935967664911,0.00534335880333581,0.00229994013309565,-0.00183452628959291,0.00107507625477399
2024-06-22 03:00:00,0.00037393829365584,0.000399307492035206,-0.00123026466204124,0.000342465756771659,0.00118527312194683,-0.000593144956592795,0.000160952841165241,-0.00720483436866848,-0.00404099265441493,-0.00121695640737496,-0.032092306320473,-0.00197185687267187
2024-06-22 04:00:00,0.000569734347639184,0.000635710713179805,0,0.00205233525091142,0.000814061099535301,0.00101660462838726,0.001608105194983,0.00347547469201937,0.00209469540999851,0.00135208241257967,-0.00608598302988028,0.00322465345710876
2024-06-22 05:00:00,0.000933314517382655,2.27982582128306e-05,0.000410256416010557,0.00324094100313133,0.0057535011557075,0.00169204778102472,-0.00056254270780709,0.00186641835276691,-0.000866238414088283,0.000540321504432839,-0.0480655126378835,0.000357653794942792
2024-06-22 06:00:00,8.9869007831922e-05,-0.00159142603084028,-0.000410256416010557,-0.000170314230166113,-0.00457059402383564,0.00337553063128126,0.000482198835992875,0.00186294132388221,-0.00405239718037631,0.00107976795482045,0.00399521106728828,0.0108474434319477
2024-06-22 07:00:00,0.00139589010645835,-0.00271525711658605,-0.00143722435169724,-0.000170343242043458,-0.00355292749764402,0.000168477803447864,-0.00346090731383386,0.000531632123100922,-0.00239573238837831,-0.000809716643430214,0.0103134591282732,0.000353669322872951
2024-06-22 08:00:00,-0.00358437653161481,-0.00269395170519715,-0.00473690516047143,-0.00204638543446389,-0.00662130901754132,0.0031956969421838,-0.0030684778598129,-0.00399414723512448,-0.00422464026974323,-0.000135016539731581,-0.00554018037561566,-0.00141542840333075
2024-06-22 09:00:00,0.000572871918617324,0.00229891089348833,0.00103167243236935,0.00289781162468117,0.00394830475299912,0.00176167152645457,0.00153541587399175,0.00372836650266284,-0.00168024293466518,0.00242751299247867,-0.00119118537015295,0.0102167526003674
2024-06-22 10:00:00,-0.000222018895840392,0.00129903963742528,0.00144255563398188,-0.000340483489840615,-0.00208395431180009,0.0009215432311378,0.00523498155227786,0.00185898340615975,-0.00454346377369097,0.00269034329610474,0.00317334657414436,0.00541817282842572
2024-06-22 11:00:00,-0.000722524446185702,-0.00113298898014058,0.000205909606410759,-0.000340599458333202,0.00223264214197538,0.00158975894252666,0.000883214959658041,0.00106072669717505,0.00117448446298285,-0.00174789960467159,0.0102443764323512,-0.00174459220801371
2024-06-22 12:00:00,0.000506832842354754,-0.0013148454802625,0.000617474548794572,-0.00272898003236843,-0.00208364415317241,0.00125329004999975,-0.00233016054972879,0.00423169105429033,0.000366743686950777,-0.00364004446408117,0.0132400688007182,0.00470343171763576
2024-06-22 13:00:00,-0.000215271457516764,0.00365951243951557,0.00328677370662267,0.00170648505575866,-0.00141637803692785,0.000751220769020566,0.0026511363188142,0.0154514007669963,0.00774348233322764,0.00350546401841623,-0.00348769971828533,0.00364299127850121
2024-06-22 14:00:00,6.15997454076478e-05,0.000513947988357799,-0.00164203649374428,0.00085215173456632,0.00327698215348882,0.000250281568068722,0.00440300114913272,0.00905451794607015,0.00660020528379412,0.000941682991495441,0.0115786704605463,-0.00260078170005729
2024-06-22 15:00:00,0.000297367614503941,0.000636358339718868,-0.00164473721287839,-0.000511203896282453,-0.00178611344648338,-0.0010850061574379,-0.000559306474570143,-0.00542286674320747,-0.00638192027546935,-0.00282771345760935,0.00268250783582191,-0.00191154806664606
2024-06-22 16:00:00,0.000220791123476616,-0.000265337886528272,0.00205549918209602,-0.000682011961645301,0.0031978609038994,0.000333973452215197,-0.0015196963532631,0.00568036642275582,-0.0016747373485102,0.00107816722034571,-0.00421860644816174,-0.00104420475899425
2024-06-22 17:00:00,-0.00100966234044897,-0.0019393883154688,-0.00061620624318115,0,-0.00528570000397899,-0.00167098376252328,-0.00449258677808828,-0.011393183829443,-0.00812209491876237,0.00174954623726364,-0.0069417941699581,0.000870246334618852
2024-06-22 18:00:00,6.90958205247227e-05,-0.0013475028180796,0.00143722435169724,-0.00051181439315684,0.00119358462510455,-0.000418182584608129,-0.0013678241662709,0.00519481687710399,0.000367282481081865,-0.000403469846102844,-0.00154918698682938,-0.000348007659680682
2024-06-22 19:00:00,0.000532064605192062,-0.000446707259548873,0.00102532563068558,0.00306696440780474,0.00253164692177954,0.000752602786704859,0.000804829017286846,-0.000777504250648819,0.000587371529368941,0.00563381771825622,0,0.00225988796743759
2024-06-22 20:00:00,-0.000171412128372239,0.00134238389147612,-0.000410004105784512,-0.000340309685094908,-0.0016373924468045,0,-0.00120748656248981,0.00181323712418091,-0.00559400840486202,-0.00200843610393875,-0.00505149704452279,-0.00225988796743759
2024-06-22 21:00:00,0.00071547429580221,0.00282199629163315,0,0.00170039149965007,0.00200915348309483,0.00167042551161245,0.00104657257067098,0.000258765689113649,-0.00118168403706331,0.00093777219009894,-0.000779423266270562,0.00139130457225822
2024-06-22 22:00:00,-0.000220916674502192,-0.00100163951922916,-0.000820512866546386,0.00288404644727169,-0.00186018878745209,8.3448074483794e-05,-0.00144939231428509,-0.00181276755584803,-0.00133106578847908,-0.00107181146380686,0,0.000868583395179368
2024-06-22 23:00:00,-0.000836536371540575,-0.00192905429020307,-0.00143751950003834,0.00135432558368009,-0.0043290110895855,-0.00150313180702355,-0.00282429076176172,-0.00311526731694922,-0.00237072269873595,0.00013403927370792,-0.00156067140534466,-0.00139009579291827
2024-06-23 00:00:00,0.0033310982837893,0.00345821999480656,0.00184786008847959,-0.00237127482386512,0.00685802166097016,0.00100233887443046,0.00491718374175321,-0.000260044208980736,0.00893489422004601,0.000134021309588839,0.00467472608221886,0.0039913285091262
2024-06-23 01:00:00,-3.72229738232477e-06,0.000156778459530216,0.00123001245519994,-0.00101798447881674,0.00244852654327765,0.00158498469052049,-0.000160836349361482,0.000779929845852734,0.00132236281391185,0.000401956192186859,0.00581284333904719,-0.000346440329118902
2024-06-23 02:00:00,0.000480372051026023,0.00144690208811227,0,0.00474175316903747,-0.001112223449101,0.00058330904532955,0.00200859746958049,0.00363165120286269,0,0.00133868828559702,-0.00193386252495076,-0.00156046845709512
2024-06-23 03:00:00,-0.00141215758620561,0.0015670128581764,0.00122850138300745,0.00151937228519738,-0.000148389969110596,-0.000833402831802665,0.000882506375218917,0.00825172294368526,0.00168714509119461,0.000401257278171308,0.00617524154564952,0.00138720327430009
2024-06-23 04:00:00,-0.00059195232319631,-0.00133080840647359,-0.00225340666899276,-0.00135043909787136,-0.00141080402089511,-0.00200300517643592,-0.00128390324168492,-0.00179925507992185,-0.00551208539258363,-0.00120425517999223,-0.00578816973899743,-0.000519975746181345
2024-06-23 05:00:00,3.07553657652449e-05,-0.00134682839472511,0.000410088174703449,-0.00135226525001375,-0.00111520029401113,-0.000752162502554388,0.000160578081437102,0.00179925507992185,-0.000442282183237719,0.000133877769796342,-0.00387747674642069,-0.00156155145811265
2024-06-23 06:00:00,0.00010095793557241,-0.000647008463609211,0.000614817111281862,-0.000676818976766747,-7.4390924341472e-05,0.00192106970753603,0.000561820312542594,-0.00257135652092943,0.00544118989511899,-0.000669568153572442,0,0.00052078813780132
2024-06-23 07:00:00,0.000446732998755195,0.00147582158522397,-0.000819840177094799,0.0023668650102664,0.00222932395219644,0.00158419176834412,0.00248427422713826,0.000514800526169812,0.00109934416876367,-0.00174297825181125,0.00271581156254186,-0.000868130968664227
2024-06-23 08:00:00,-0.000308048945575123,-0.0017752402874418,0.000410004105784512,-0.00185920783716753,-0.00133699789655672,0.000666278029145317,0.00159948850479363,0.00462131759559781,-0.00205308768407342,0.000268348317725042,0.000387371687974092,0.00104166676085682
2024-06-23 09:00:00,0.000363003348956781,-0.00107294004397573,0.00122900466104592,-0.000846238520501252,0.00118853081885906,0.000249739855616493,0.000798785887987208,0.00536468268352563,-0.00183668273356519,-0.00174555264194343,-0.00349175912484379,0.00657214402939799
2024-06-23 10:00:00,-0.00175895199967791,-0.00250133415724463,-0.00595423173754894,-0.00373198058253976,-0.0061062070731932,0.00133089355861804,-0.00616717344531859,-0.00818628260605314,-0.00604810812513135,-0.00417480910712786,-0.0136961640074111,-0.00501167557230286
2024-06-23 11:00:00,0.000557338872955171,0.00129575750568556,0.00102912430612134,0.00152840311658497,0.00111977914728012,0.00157813895455172,0.00120438410318968,-0.00437637459979889,0.00428171331830818,0.00121383789939333,0.000787711738249097,0.0017310026825299
2024-06-23 12:00:00,0.000536679424778086,0.000600113182207096,-0.000411522639552464,0.000169678459726263,-0.000821048749240383,-0.00232654861902226,0.00112278462352666,0,-0.00125308681122505,0.00255771829548923,-0.00315457674851505,-0.000692041550110822
2024-06-23 13:00:00,-0.00121547699348845,-0.000625840368268626,-0.00267903302943195,-0.00118835426937824,-0.00254205744367475,-0.00149850177890931,-0.00377434698218249,-0.00154918698682926,-0.0039167917641949,0.0010749799476466,-0.0264120995397774,-0.00346740985405925
2024-06-23 14:00:00,-0.00164651239082936,-0.00386659319748439,-0.00289316176182008,-0.00323266976538949,-0.00985526125953484,-0.00158419176834412,-0.00694335100158261,-0.000516929450642634,0.00118404513204195,0.000537056940943081,-0.0101896133313297,-0.00330521306375875
2024-06-23 15:00:00,-0.00152799232073875,-0.0029198611395298,-0.00103530395415807,-0.00290127347463631,-0.00523025638010388,-0.00075128347788489,-0.00560589679488643,-0.000258564965887831,-0.00496757277320681,0.00508770678382309,0,-0.00594199581218646
2024-06-23 16:00:00,-0.00260128348597277,-0.00323442957382625,-0.00373599438283023,-0.00548416113156591,-0.00671041102767589,-0.00292703533252281,-0.0058833312372446,-0.00570540966755273,-0.00746049416773698,-0.00656530796608656,-0.00740134957643424,-0.00880287374595512
2024-06-23 17:00:00,0.00301293775305922,0.00288324229816439,0.00207727536267011,0.00343112362686782,0.00366580523541327,0.00108818493138818,0.00726741450318302,0.00441158104871542,0.00530267495925107,0.00442626971733695,0.0118975762395763,0.00317796877634624
2024-06-23 18:00:00,-0.000131168128797654,0.00128037490751254,0.00145152954464423,0.00239480100768308,0.00433576155588256,0.000752665726521329,-0.000244110827527511,0.000258899677821445,-0.0014162724591622,-0.0025460650269844,0.0221828011021916,0.0012331543886297
2024-06-23 19:00:00,0.000589419653907797,0.000620894855883236,-0.000829187443860624,0.000170837960610015,-0.00220356458604165,-8.36015550378377e-05,0.00454693865554345,-0.000517866402044875,-0.000223805439406366,-0.000536840705417596,0.00517208234717526,0.00211044749454614
2024-06-23 20:00:00,-0.0064081957170341,-0.0128235064355806,-0.00478121688287081,-0.00565311998009488,-0.00694632769029191,-0.00259512095750258,0.00194237678420661,-0.00832254478694172,-0.00591164216492635,-0.00876429799358824,-0.00278164296187677,-0.00581448206721924
2024-06-23 21:00:00,0.0016406362186423,-0.000180480194245547,0.00270523523632393,0.00137339077381426,0.000229770613349167,0.00125654466794778,0.018901732049962,0.00234772509035053,0.0045677566408826,0.00513306543785408,0.00159045759172383,0.00475981506842138
2024-06-23 22:00:00,-0.00292825472650193,-0.00278701943276793,-0.00270523523632393,-0.00498754151103942,-0.0104696876284676,-0.00058619103131452,-0.0193060828702385,-0.00391594287123243,-0.00727330466132203,-0.00296856242828092,-0.000397377314984571,-0.00776840064900353
2024-06-23 23:00:00,-0.0070621726816622,-0.00131457502659593,-0.000416840356181614,-0.00431966114451665,-0.00410996662444596,-0.00117341393063342,-0.0114705345520663,-0.00603438798193556,-0.00709919151031491,-0.00854996047826706,-0.00278607145390897,0.00177085224247642
2024-06-24 00:00:00,-0.00205891259217417,0.000970031368337843,-0.0014603110971031,0.00414723248644666,0.00240599285609822,0.000503060294000157,0.00774281548662348,0.00157770214161768,0.00536680678902402,-0.000954523833297749,-0.000398644613611054,0.00370861352214913
2024-06-24 01:00:00,0.00373414179068021,4.67247416349181e-05,-0.00188068177885747,-0.000862589547145021,-0.0103635945294123,-0.00192977364078706,-0.0013811595809754,-0.00263088812627632,-0.00271759810945982,-0.00547196987799303,-0.00439561147303813,-0.000176289114603767
2024-06-24 02:00:00,-0.00689480676688881,-0.00582820501464099,-0.00587373201209396,-0.00953792022093314,-0.00770565221829767,-0.000840194974649044,-0.0226114463865468,-0.00369491051141579,-0.00507749944631586,-0.00619197024792051,-0.00844565647528617,-0.000176320197935453
2024-06-24 03:00:00,-0.000301249519745639,-0.000493587776094984,0.00126156450710102,0.0039996575361112,-0.00363751784919142,-0.000504456038946888,0.010752791776262,0.00501121977084606,0.00432129856333541,0.000689893093936966,0.00483482005458313,0.00369621119571506
2024-06-24 04:00:00,-0.000334598302588418,0.00129221371222599,-0.000630583310437971,-0.00312880491641376,-0.00110970207963579,0.00109266663529395,-0.00776350116698099,-0.00501121977084606,-0.00439727774507626,-0.00803217169726356,-0.00201166835090349,-0.00281492092980984
2024-06-24 05:00:00,-0.00842096916974988,-0.0105864493231209,-0.0114190287106576,-0.0152621153849042,-0.0172790476083522,-0.00623580010044034,-0.0190848681986839,-0.0186821553123115,-0.0131550654270396,-0.0155541564996824,-0.0265267543334287,-0.0193904500964255
2024-06-24 06:00:00,0.00145912024387229,0.00075312818598583,0.0097355266295438,0.00634363360792634,0.00843683442415344,0.00194232210706779,0.0089181139608292,0.00965154945222169,0.00453201989356566,0.00745694626706239,0.0131472723640349,0.0137367247891969
2024-06-24 07:00:00,0.000816908447573539,-0.00138809405565077,-0.00210837101082795,0.00280652701317674,0.00175873416506178,0.00235948537878716,-0.00731372265193242,-0.00293921387282903,-0.00138047418195875,0.000840689414793871,-0.00902015135938417,-0.00675558124797093
2024-06-24 08:00:00,0.00439215921212899,0.00456041703756682,0.00505264232807734,0.00524110214410367,0.00589314439459887,-0.000757799051125829,0.00168605671370603,0.00746471074851018,0.00741678668451673,0.000979911886348717,0.0179596663981925,-0.000356824267836009
2024-06-24 09:00:00,-0.0214075000159681,-0.0227076372378203,-0.00273367849768624,-0.0120958613865652,0.00166607202647029,-0.00447428039492115,-0.0127152683707874,-0.00532624428267414,-0.00160103720396521,-0.0148004675049815,-0.00812352152147922,-0.0064447054426422
2024-06-24 10:00:00,-0.00383668731149989,0.00298773441306288,0.00483143466868496,0.00615386557437869,0.00553361095822424,0.00363160738643131,0.005275261106092,-0.000801389117285001,0.0076011311550741,-0.0039840690148738,0.00488202759730827,0.00662313349200483
2024-06-24 11:00:00,0.00203823224579835,0.00081027883746998,-0.00314828678552526,-0.00105226246117684,0.00173282967115185,0.00126374337556845,-0.005275261106092,-0.00428495567250109,-0.00462981359053494,-0.00242666595422758,-0.00569802111463735,-0.00303761512940781
2024-06-24 12:00:00,-0.00125282489672252,-0.000623464888553471,0.00356731046649383,-0.00845820020515564,0.00877542260760045,0.00637853610374073,0.00959382491170979,0.00455215674289522,0.0188400448147274,-0.0151201670980763,0.0141846349919561,0.00748800075688361
2024-06-24 13:00:00,0.00576605744606518,0.00170682666577804,0.00730463437888729,0.0058226895871476,0.00653139713971118,0.000418217562868861,0.00807881192771598,0.0114226238648392,0.0145263059766383,0.011971009041746,0.00160836383686291,0.0100734261730637
2024-06-24 14:00:00,-0.00432627604408253,-0.00479070634616896,-0.00187324438168035,-0.00158464686738746,-0.00364921403449792,-0.00318284882150932,-0.00613730960848713,-0.0087545326342473,-0.0169181151742865,-0.00878398620799636,-0.0170182389249205,-0.00405251193324419
2024-06-24 15:00:00,-0.00752242235897072,-0.00868092624420314,-0.0142679717977049,-0.0106289751770605,-0.0176565186433733,-0.00109119916816569,-0.0135848582643421,-0.0120628724492751,-0.0138650401371714,-0.00434846315013981,-0.0231510959843466,-0.0214140945038166
2024-06-24 16:00:00,-0.0111722313693488,-0.00616167503814147,-0.00296296513065708,-0.00643203932701475,0.0024512723300969,0.0026838898942132,-0.00368261453311325,-0.00459522365574727,0.00272789439450038,0.0037697594302859,0.0120558516924074,0.0123690740724605
2024-06-24 17:00:00,0.00127693977051635,0.0104478152426548,0.00169419777923285,0.00339984222987066,0.0124010693705889,-0.000837942063442565,0.000257367135637398,0.00297579010344418,0.00686251326344323,0.00317873407378055,-0.0012404384472493,0.00195781854830135
2024-06-24 18:00:00,0.00277017073820218,0.00284321881218652,-0.00148226602046575,0.00498931897440347,0.0161711907282704,-8.38328373711228e-05,0.000600265850035253,0.00538794406875331,-0.000676615445127204,-0.00317873407378055,0.0041288250231184,0.0116670936298759
2024-06-24 19:00:00,-0.0184653045598306,-0.00324398026429939,-0.0104378410634444,-0.00856842086236842,-0.0217248050648093,-0.00025154068803257,-0.00748615981658052,-0.00944803896805146,-0.0115730651396015,-0.0119378328473845,-0.01703760306874,-0.0179098678506786
2024-06-24 20:00:00,0.00348895731763399,0.00562327458247402,0.00256629738791303,0.00268552663415367,0.00617744467492365,0.000167700822127248,0.00310452129304517,0.00648826282645298,0.00750373020985995,0.00350877552967965,0.0141492164928709,0.0046412079028455
2024-06-24 21:00:00,0.0101183444290598,0.0120450295508388,0.0099883945930197,0.0101397293188992,0.0207529145163576,-0.00193025950579617,0.0169046969318183,0.0157736193814589,0.0155099951030211,0.0126170914555379,0.0220687338017012,0.0102764901540235
2024-06-24 22:00:00,-0.00116936088437036,-0.0057147799910684,-0.00126957274775874,-0.00159419040051123,-0.00581975760067444,-0.000420115117719444,-0.0023732847213469,-0.00425306329560227,0.000371678131021014,-0.00317552229896378,-0.00445615483189554,0.00176118397055425
2024-06-24 23:00:00,0.00406042391212935,0.00600115481590713,0.00359294479300509,0.00706591881715113,0.0161502710443209,0.000840053812842356,0.00996377406233107,0.00610810556600261,0.0119682279635689,0.00734608993175367,0.00687844103849011,0.0080617331114563
2024-06-25 00:00:00,0.00191893493323647,-0.00164478876475194,0,0.00158297456324963,-0.000529120538441674,0.00377153361620364,0.00343887946362953,0.0071231009528242,0.00198085241396129,0,-0.00161420535454093,0.00209241575905894
2024-06-25 01:00:00,0.00137120350652609,0.000654060349182473,0.0021074823395647,0.00490884576188044,-0.000529400655207901,0.000585406665265076,0.00476131710171046,0.00131354281332308,0.00628335522348022,0.00186393343806302,0.00443280999891771,0.000696500115219489
2024-06-25 02:00:00,0.00303727265072773,-0.00131452781080199,0.000841750891452331,0.00384011643135551,0.00595845938299977,0.00192106970753603,0.00548493023056951,0.0130413950590147,0.0126652679060486,0.00371747640013176,0.0044132468821183,0.00347524242030306
2024-06-25 03:00:00,0.0102736957338774,0.00792069197533074,0.00503567996561571,-0.00104584287029752,0.0209108337363952,0.00274988715429902,0.0228595427785732,0.00336308685884878,0.00673741080675994,0.00895083052008516,0.00797452391876963,0.00656987148744892
2024-06-25 04:00:00,0.00111971706402159,0.00570499779498235,0.00188186150675418,0.00382942156394339,0.00433553238180284,-0.000332917189924675,0,0.00103252461418923,0.00463244245013295,0.00183706686300411,0.0051495459408315,0.00103341380192434
2024-06-25 05:00:00,-0.00567441704917293,-0.00464671664700234,-0.0043965317338216,-0.00592439439720227,-0.00507223493464526,0.00266023932759696,-0.00552352959843994,0,-0.00249172520618579,-0.00254453063499493,-0.00873021417870179,-0.00448585983431427
2024-06-25 06:00:00,0.00189352571169543,-0.00131635140681574,-0.00189016122640595,0.00104803503042561,0.00235554028680074,0.00257037577775776,-0.000570334475883172,0.00334836114509052,-0.00564710746926078,-0.00198356539958677,0.0055644022746355,0
2024-06-25 07:00:00,-0.00746173187892119,-0.0028937560858715,0.00105053061452653,-0.00227213241157109,-0.00878785701936913,0.000165604041116652,-0.00588525484855529,0.00102801345470838,-0.00495850967440248,0.00113394767643094,-0.00476758948347289,0.00431369834641382
2024-06-25 08:00:00,0.00287892908457543,-0.00196265071392077,0.000419903428382606,-0.00420831762578633,-0.00326894793328858,0.00239818183989415,0.00188377958159869,-0.00308721624154939,0.000864117573752488,-0.00127578158915753,-0.00759547925024107,-0.0119512983962695
2024-06-25 09:00:00,0.00993876067405175,0.00853724176325343,-0.00210128255505149,0.00648045003735742,0.0196742152567904,0.00115568776277142,0.00863619511351921,0.00744452161050524,0.0138672701114451,0.00819329346822784,0.0155288806377802,0.0155604799371871
2024-06-25 10:00:00,-0.0024569752779886,-0.00164478100262322,-0.00147352936882117,-0.00174733575822472,0.0129043402979168,0.00197807696576113,-0.00024339783496119,0.0017886806864198,-0.00633792401082189,-0.00366455660269338,-0.00118600527837609,-0.0044704338549415
2024-06-25 11:00:00,-0.00211469326421998,-0.000473819975045586,0.0037846975369844,0.000349711491586469,-0.00744680446715318,0.0036983810390443,0.00194552590549168,0.00356779175602895,-0.00494146456145339,-0.00127163563585864,-0.00277282807882839,0.0111388350722643
2024-06-25 12:00:00,-0.00227641430266878,-0.0029664721651077,-0.000839806893783601,-0.00104950158312533,-0.00786831977222313,0.000246073084947174,-0.00308216644355097,-0.00229211866556866,-0.00489385647467833,-0.00268988623999267,0,0.00136239803089544
2024-06-25 13:00:00,0.00247839548380924,0.000442562652857248,-0.00126103421502821,0.00297073176101925,0.00109653141583976,-0.000164041995118325,0.00413441470932385,-0.00306435377688008,0.000793278806970221,-0.00184462627686432,0.00118929647318389,0.00271924028875303
2024-06-25 14:00:00,0.00916441412894642,0.010295740037872,0.00608032065097708,0.00885960802455443,0.00952561283747411,-0.0018884196260176,0.0148555347688655,0.00916503360314913,0.0103271141558494,0.01045502600482,0.0122072789767014,0.00169577792036368
2024-06-25 15:00:00,0.000753560023953881,0.00505721582968732,-0.0025115124126609,-0.0010382420036299,0.00900550014628099,-0.00172732923885777,0.0129085142253822,0,0.00583340915764818,0.00266685539488343,0.00351631540275576,0.00675450051966831
2024-06-25 16:00:00,-0.00681804533881092,-0.0107074895742905,-0.000419199335419895,-0.00607799040502499,-0.0137206080803134,-0.00148294639139035,-0.00893110066115543,-0.00279152573105701,-0.00326820894810309,-0.00435485692102677,-0.0117694571594762,-0.00828057118463965
2024-06-25 17:00:00,-0.000139609005413988,0.00165682992787275,-0.00146858308152653,0.000870549371597917,-0.00138247193408603,0.000576962719487817,0.00467309075830924,0.00152361634350007,-0.000569476097394883,0.00154744351059044,-0.0027662534928905,-0.0016983699734574
2024-06-25 18:00:00,0.0125895569856347,0.00851536609240711,0.00439929482960733,0.00745560453976957,0.0133803030467785,0.00279766495320466,0.0127200207505997,0.00607135687394467,0.0104831672610377,0.0102091649600426,0.0121928747505939,0.00795737712731515
2024-06-25 19:00:00,-0.00295856607116107,-0.000617552259132736,-0.00146428224050576,-0.00172890776122614,-0.0031661536127654,0.000328623072296974,-0.00375205630514319,-0.00429673351557625,-7.04647148230819e-05,-0.00516148178039,-0.00156494554630315,-0.00405542968790318
2024-06-25 20:00:00,-0.000830512074948331,-0.00129487779741488,0.000627812095539748,-0.000346140536512607,-0.00346545722601732,0.000574830646089097,-0.00589091755826576,-0.00253614135430136,-0.00388322583500544,0.00223526217684622,-0.00313725747513294,-0.00305240189515565
2024-06-25 21:00:00,-0.000120800506991259,-0.00289168995342415,-0.00398281629098285,-0.000519435558385517,-0.00638469846466982,0.00155859102138889,-0.00592582621350468,-0.00305188436266446,0.00796199379625673,-0.00321476270992616,-0.0011790136952321,-0.000679578687384108
2024-06-25 22:00:00,-0.000105631653156024,0.000514363237014592,-0.000840512762237289,-0.000173205161946299,-0.00357286464145279,0.00131061617712058,-7.92487221557003e-05,-0.00101936808011471,-0.000772282131970226,-0.000700231104867832,0.00314095271969172,-0.00221182565714218
2024-06-25 23:00:00,-0.00168094708014621,-0.00242128375660044,0,0.00155776751535797,-0.00234020876146079,-0.00221266224263195,-0.000237783855596696,-0.00102040825180561,-0.00281333706448717,-0.000420374139168622,-0.0043213581292294,-0.00495177311649964
